smiles,jnk3
O=Nc1c(O)n(Cc2ccc(Cl)cc2)c2ccccc12,1
CN(C)CCNC(=O)c1ccc(-c2n[nH]c3cc(Nc4ccccc4Cl)ccc23)cc1,1
CNC(=O)c1ccccc1Sc1ccc2c(C=Cc3ccccn3)n[nH]c2c1,1
Cc1ncn(-c2ccc(Nc3nccc(-c4cc[nH]n4)n3)cc2)n1,1
NC(=O)c1ccsc1NC(=O)c1cccs1,1
COc1cc(CC(=O)Nc2sccc2C(N)=O)cc(OC)c1OC,1
CCOc1nc(C(=O)NCc2ccccc2S(N)(=O)=O)cc(N)c1C#N,1
COc1ccc(Oc2cc(Nc3ccccc3C(N)=O)c(C(F)(F)F)cn2)cc1,1
COc1ccc2nc(-c3ccc4ccccc4c3)n(-c3ccnc(NC4CCCCC4)n3)c2c1,1
CS(=O)(=O)c1ccc(CN2CCCc3c2sc(NC(=O)c2cccc4ccccc24)c3C#N)cc1,1
CS(=O)(=O)Nc1ccc(-c2ccnc(Nc3ccc(S(N)(=O)=O)cc3)n2)cc1,1
Cn1cc(-c2ccc3cnc(Nc4ccc(-n5cnc(N6CCOCC6)n5)cc4)nc3c2C2CC2)cn1,1
O=C(NC(CO)c1ccccc1)c1cc(-c2[nH]ncc2-c2cccc(Cl)c2)c[nH]1,1
O=Nc1c(O)n(Cc2cc(F)cc3c2OCOC3)c2cccc(-c3ccccc3)c12,1
C=S(O)(O)=CCNCc1ccc(-c2ccc3ncnc(Nc4ccc(OCc5cccc(F)c5)c(Cl)c4)c3c2)o1,1
Cc1ccc(-c2ccc3cnc(Nc4ccc(-n5cnc(N6CCOCC6)n5)cc4)nc3c2)cn1,1
O=C(NCCN1CCOCC1)c1cccc(-n2ncc3cc(Nc4ccccc4Cl)ncc32)c1,1
O=C(Nc1cc(-c2ccnc(Nc3ccccc3)c2)ccn1)c1ccco1,1
O=C(C1C=C(c2[nH]ncc2-c2cccc(Cl)c2)C=N1)N1CCCC1,1
COc1cc2nccc(Oc3ccc(NC(=O)Nc4cc(C)on4)c(Cl)c3)c2cc1OC,1
COc1cc(Nc2ncc(F)c(Nc3ccc4c(n3)NC(=O)C(C)(C)O4)n2)cc(OC)c1OC,1
COC1C(N(C)C(=O)CCC(=O)NCCC(=O)NCCC(=O)NCCC(N)=O)CC2OC1(C)n1c3ccccc3c3c4c[nH]c(O)c4c4c5ccccc5n2c4c31,1
CNC(=O)CN1CCC(Nc2ncc(Cl)c(-c3c[nH]c4ccccc34)n2)CC1,1
c1ccc(-c2cnc(Nc3ccc(OCCN4CCCC4)cc3)s2)cc1,1
c1cc2ccc3ncc(-c4ccc(N5CCOCC5)cc4)cc3c2cn1,1
Cc1nc2cc3nc(-c4cccs4)cnc3cc2n1C,1
O=C(Cc1cccc2cnccc12)Nc1scnc1-c1cscn1,1
COc1ccc(Oc2cc(Nc3c(F)cccc3C(N)=O)c(C(F)(F)F)cn2)cc1,1
COC(=O)c1ccccc1NC(=O)Cc1cccc2ccccc12,1
CCOC(=O)c1sccc1NC(=O)Cc1ccccc1,1
NC(=O)c1ccccc1Nc1ccnc(Nc2ccc3c(c2)OCO3)c1,1
CN1CCN(c2ccc3nc(-c4c(N)c5c(F)cccc5[nH]c4=O)[nH]c3c2)CC1,1
CCOc1ccc(-c2csc3ncnc(SCCC(=O)O)c23)cc1,1
COC(=O)c1ccccc1NC(=O)CN1CCC(NC(=O)c2ccc(C)cc2)CC1,1
CCCNc1nccc(-c2c(-c3ccc(F)cc3)nc3n2C(Cc2ccc(OC)cc2)CC3)n1,1
COc1cccc(-c2cc(C(O)Nc3ccc(OC)c(OC)c3)on2)c1,1
CCNC(=O)c1ccc2c(N=O)c(O)n(Cc3cc(F)cc4c3OCOC4)c2c1,1
CC1NC(=O)NC1CCCCCC(=O)NCCc1ccccc1,1
O=C(C1CC1)N1CCCC(Nc2nccc(-n3c(-c4ccc(Cl)c(Cl)c4)nc4ccccc43)n2)C1,1
c1cc(-c2nccs2)c2nc(Nc3ccc(-n4cnc(N5CCOCC5)n4)cc3)ncc2c1,1
CS(=O)(=O)N1CCN(Cc2cc3nc(-c4cccc5[nH]ncc45)nc(N4CCOCC4)c3s2)CC1,1
COC(=O)c1c(C)csc1NC(=O)Cc1cccc2nccnc12,1
Cc1cccc2c1c(N=O)c(O)n2Cc1cc(F)cc2c1OCOC2,1
COc1cccc(-n2ccc(-c3ccnc(Nc4ccc(-n5nc(C)nc5C)cc4)c3)n2)c1,1
NS(=O)(=O)c1ccc(-c2cnc3cccc(Nc4ccc(Cl)cn4)c3c2)cc1,1
O=C(C1CCC(Cn2c(=O)[nH]c3ccccc3c2=O)CC1)N1CCN(c2ccccc2)CC1,1
CCOC(=O)N1CCN(C(=O)C2CCC(Cn3c(=S)[nH]c4ccccc4c3=O)CC2)CC1,1
Cc1nc(SCCC(=O)O)c2ccccc2n1,1
Fc1cnc(Nc2ccc(N3CCOCC3)cc2)cc1-c1ccn(CCN2CCOCC2)n1,1
Cc1ccc(-c2cccc3cnc(Nc4ccc(-n5cnc(N6CCOCC6)n5)cc4)nc23)cn1,1
O=C(Cc1cc(C(F)(F)F)cc2ncccc12)Nc1scc(Br)c1-c1ncn[nH]1,1
O=C(Nc1cccc(Nc2cc(Nc3cccc(C(F)(F)F)c3)ncn2)c1)C1CC1,1
COc1cc(N2CCOCC2)ccc1Nc1cc(Nc2ccccc2C(=O)N(C)C)c(C(F)(F)F)cn1,1
COC(=O)c1c(C)csc1NC(=O)Cc1ccc(OCCCN2CCCC2)cc1,1
COC(=O)c1c(C)csc1NC(=O)Cc1cccc2cnccc12,1
CCOC(=O)c1ccccc1NC(=O)CSc1ncc(C(=O)OCC)c(N)n1,1
N#CC(c1ccnc(NCCc2cccnc2)n1)c1nc2ccccc2s1,1
CCOC(=O)c1c(C2CC2)csc1NC(=O)Cc1ccc(OC)cc1,1
COC(=O)c1ccccc1NC(=O)CN1CCC(NC(=O)c2ccccc2C)CC1,1
CS(=O)(=O)Nc1ccc(-c2cnc3cccc(NC(=O)c4ccccn4)c3c2)cc1,1
Cn1cc(-c2ccc3cnc(Nc4ccc(-n5cnc(N6CCOCC6)n5)cc4)nc3c2C(F)(F)F)cn1,1
CN1CCN(CCNC(=O)c2cncc(-n3ncc4cc(Nc5c(Cl)cccc5Cl)ccc43)c2)CC1,1
O=C(NC(CO)c1ccc(Cl)cc1)C1C=C(c2[nH]ncc2-c2cccc(Cl)c2)C=N1,1
COc1cc(NC(=O)c2cccc(-n3ncc4cc(Nc5ccccc5F)ccc43)c2)cc(OC)c1OC,1
COc1ccc(Nc2ncc3nc(Nc4ccccc4F)n(C4CCOCC4)c3n2)cc1,1
O=Nc1c(O)n(Cc2cc(F)cc3c2OCOC3)c2ccccc12,1
O=C(NC(CO)c1ccccc1)C1C=C(c2[nH]ncc2-c2cccc(Cl)c2)C=N1,1
O=C1C=CC(c2nc(-c3ccc(F)cc3)c(-c3ccncc3)[nH]2)=CC1,1
O=C(NCc1ccccc1)C1C=C(c2[nH]ncc2-c2cccc(Cl)c2)C=N1,1
O=Nc1c(O)n(Cc2cc(F)cc3c2OCOC3)c2cccc(C=Cc3ccccc3)c12,1
O=C(Nc1cccc(Cl)c1N1CCN(Cc2ccco2)CC1)c1ccc(Br)o1,1
CCN1CCN(Cc2ccc(NC(=O)Nc3ccc(Oc4cc(NC)ncn4)cc3)cc2C(F)(F)F)CC1,1
C=CCN1CCN(c2c(Cl)cccc2NC(=O)c2ccc[nH]2)CC1,1
NC(=O)c1ccccc1Nc1cc(Oc2ccc(Br)cc2)ncc1C(F)(F)F,1
N#Cc1c(NC(=O)c2cccc3ccccc23)sc2c1CCN(C(=O)CCN1CCCCC1)C2,1
CCNC(=O)N1CC(Nc2ncc(Cl)c(-c3c[nH]c4ccccc34)n2)C1,1
Nc1ccc2c(N=O)c(O)n(Cc3cc(F)cc4c3OCOC4)c2c1,1
CC(C)Nc1ncc2nc(Nc3ccccc3F)n(C3CCCC3)c2n1,1
COc1cccc(Oc2cc(Nc3ccccc3C(N)=O)c(C(F)(F)F)cn2)c1,1
CC(=O)ON=C1C(C2C(=O)Nc3cc(Br)ccc32)=Nc2ccccc21,1
NC(=O)C(NC(=O)c1cc(-c2[nH]ncc2-c2cccc(Cl)c2)c[nH]1)c1ccccc1,1
CCNC(=O)N1CCCC(Nc2ncc(Cl)c(-c3c[nH]c4ccccc34)n2)C1,1
CNC(=O)c1ccccc1Sc1ccc2c(C=Cc3ccccn3)[nH]nc2c1,1
C#CCN1CCN(c2c(F)cccc2NC(=O)c2ccc(Br)o2)CC1,1
O=Nc1c(O)n(Cc2cccc([N+](=O)[O-])c2)c2ccccc12,1
CCN1CCC(n2nc(-c3ccnc(NC4CCOCC4)c3)n(-c3ccc4ccccc4c3)c2=O)CC1,1
COc1cccc(-c2cc(=O)c3ccccc3o2)c1N,1
O=C1NC(=O)c2c1c1c3ccccc3[nH]c1c1[nH]c3cc(Br)ccc3c21,1
ON=C1c2ccccc2-c2c1nc1ccccc1[n+]2O,1
COC(=O)c1ccc2c(c1)NC(=O)C2C(=Nc1ccc(N(C)C(=O)CN2CCN(C)CC2)cc1)c1ccccc1,1
Clc1cnc(Nc2ccc(N3CCOCC3)cc2)cc1-c1cc[nH]n1,1
CC(Sc1ccc2ccccc2n1)C(=O)O,1
CCNC(=O)N1CCC(Nc2ncc(Cl)c(-c3c[nH]c4ccccc34)n2)C1,1
Cn1ccc(-c2cc(Nc3ccc(-n4cnc(-c5ccccn5)n4)cc3)ncc2F)n1,1
C=CCN1CCN(c2c(Cl)cccc2NC(=O)c2cnc(Br)s2)CC1,1
Oc1ccc2nc(-c3ccc4ccccc4c3)n(-c3ccnc(NC4CCOCC4)n3)c2c1,1
O=C(NCc1ccc(F)c(F)c1)c1cc(-c2[nH]ncc2-c2cccc(Cl)c2)c[nH]1,1
CC(C)(O)c1ccc(-c2cnc3c(n2)N(CC2CCOCC2)CC(=O)N3)cn1,1
Cn1cc(-c2cccc3cnc(Nc4ccc(-n5cnc(N6CCOCC6)n5)cc4)nc23)cn1,1
N#Cc1c(NC(=O)c2cccc3ccccc23)sc2c1CCCN2S(=O)(=O)c1ccccc1,1
COc1ccc(-c2cccc3cnc(Nc4ccc(-n5cnc(N6CCOCC6)n5)cc4)nc23)cc1F,1
O=C(CN1C(=O)CCc2ccccc21)Nc1scc(Cl)c1-c1ncn[nH]1,1
N#Cc1csc(NC(=O)CN2C(=O)CCc3ncccc32)c1-c1ncn[nH]1,1
O=C(C1CC1)N1CCCC(Nc2nccc(-n3c(-c4ccc5ccccc5c4)nc4cc(O)ccc43)n2)C1,1
COc1cc2ncnc(Nc3ccc(Oc4ccccc4)cc3)c2cc1OC,1
CCC(CO)Nc1nc(N=C(N)N)c2ncn(C(C)C)c2n1,1
COc1cc(-c2cc(=O)c3cc(Cl)cc(C)c3o2)ccc1O,1
CC(C)OC(=O)c1sccc1NC(=O)Cc1ccccc1,1
CS(=O)(=O)Nc1ccc(-c2cnc3cccc(Nc4ccc(Cl)cn4)c3c2)cc1,1
O=c1cc(N2CCOCC2)oc2c1ccc1ccccc12,1
COc1ccc(COCC2CCc3nc(-c4ccc(F)cc4)c(-c4ccnc(N)n4)n32)cc1,1
Cn1ncnc1-c1ncsc1NC(=O)Cc1cccc2cnccc12,1
COc1ccc(-c2cccc3cnc(Nc4ccc(-n5cnc(-c6ccccn6)n5)cc4)nc23)cc1F,1
O=C(Nc1cccc(Cl)c1N1CCN(C2CC2)CC1)c1ccc(Br)o1,1
c1ccc2cc(-c3nn[nH]c3-c3ccncc3)ccc2c1,1
Cn1c(=O)c(Oc2ccc(F)cc2F)cc2cnc(NC(CCO)CCO)nc21,1
N#Cc1cc(-c2ccnc(Nc3ccc(-n4cnc(-c5ccccn5)n4)cc3)n2)cc(N2CCOCC2)c1,1
O=C(NOCc1ccccc1)C1C=C(c2[nH]ncc2-c2cccc(Cl)c2)C=N1,1
CCc1csc(NC(=O)Cc2ccc(OC)cc2)c1C(=O)OC,1
Cc1cccc(NC(=O)c2ccc(C#N)o2)c1N1CCC2(CC1)OCCO2,1
N#Cc1c(NC(=O)c2cccc3ccccc23)sc2c1CCN(S(=O)(=O)c1ccccc1)C2,1
COC(=O)c1sccc1NC(=O)Cc1ccc(C(F)(F)F)cc1,1
O=c1n(Cc2ccncc2)nc(-c2ccnc(NC3CCCCC3)c2)n1-c1ccc2ccccc2c1,1
COc1ccc(CC(=O)Nc2ccsc2-c2ncco2)cc1,1
O=C(COC(=O)c1[nH]nc2ccccc12)Nc1ccc(S(=O)(=O)N2CCCC2)cc1,1
CC(C)C(CO)Nc1nc(Nc2cc(N)cc(Cl)c2)c2ncn(C(C)C)c2n1,1
OC1CCC(Nc2nccc(-c3cn[nH]c3C3CCCOC3)n2)CC1,1
O=C(NCCN1CCOCC1)c1cccc(-n2ncc3cc(Nc4ccccn4)ccc32)c1,1
Oc1nnc(-c2ccnc(NC3CCOCC3)c2)n1-c1ccc2cc(F)ccc2c1,1
Fc1cnc(Nc2ccc(N3CCOCC3)cc2)cc1-c1ccn(Cc2ccccc2)n1,1
Cc1ccc(C(=O)Nc2cccc(C(F)(F)F)c2)cc1-c1ccc2nc(NCCN3CCOCC3)ncc2c1,1
COc1ccc2c(c1)nc(-c1ccc3ccccc3c1)n2-c1ccnc(NC2CCCN(C(=O)C3CC3)C2)n1,1
COC(=O)c1cc(Br)c(=O)n(Cc2ccc(OC)c(OC)c2)c1,1
Cn1nnc(-c2ccc(Nc3nccc(-c4cc(C#N)cc(N5CCOCC5)c4)n3)cc2)n1,1
N#CC(C(=N)Sc1ccc(N)cc1)c1ccccc1C(F)(F)F,1
O=C1NC(=O)C2=C1c1cn(c3ccccc13)CCCc1ccc(c(N3CCCC3)n1)CCCn1cc2c2ccccc21,1
COc1ccc(Cn2c(O)c(N=O)c3cc(F)ccc32)cc1,1
CCNC(=O)N1CCC(Nc2nccc(-c3cnc4ccccn34)n2)CC1,1
O=Nc1c(O)n(Cc2ccc(F)cc2)c2ccccc12,1
CC(C)(C)Oc1ccc(Oc2cc(Nc3ccccc3C(N)=O)c(C(F)(F)F)cn2)cc1,1
Cc1ncn(-c2ccc(Nc3ncc(Cl)c(-c4ccn(C)n4)n3)cc2)n1,1
Cn1ccc(-c2cc(Nc3ccc(N4CCOCC4)cc3)ncc2Cl)n1,1
O=C(NC(CO)c1ccc(F)c(F)c1)C1C=C(c2[nH]ncc2-c2cccc(Cl)c2)C=N1,1
Cc1ncn(-c2ccc(Nc3ncc4cccc(-c5nccs5)c4n3)cc2)n1,1
Nc1ncnc2c1cnn2-c1ccccc1,1
CNCC(=O)N1CCC(Nc2ncc(Cl)c(-c3c[nH]c4ccccc34)n2)CC1,1
NC(=O)C(NC(=O)C1C=C(c2[nH]ncc2-c2cccc(Cl)c2)C=N1)c1ccccc1,1
Clc1ccc2[nH]c3c(c2c1)CCc1c[nH]nc1-3,1
N#CC(c1ccnc(NCCc2c[nH]cn2)n1)c1nc2ccccc2s1,1
CC(C)C(CO)Nc1nc(Nc2cccc(Cl)c2)c2ncn(C(C)C)c2n1,1
O=C(Nc1cccc(Cl)c1N1CCN(c2ccccn2)CC1)c1ccc(Br)o1,1
COc1ccc(CNC(=O)c2cc(-c3[nH]ncc3-c3cccc(Cl)c3)c[nH]2)cc1,1
Oc1[nH]c2ccc(Br)cc2c1Cc1cc2c([nH]1)=CCCC=2,1
CN1CCN(c2ncn(-c3ccc(Nc4nccc(-c5cc(F)cc(N6CCOCC6)c5)n4)cc3)n2)CC1,1
c1ccc2cc(-n3nccc3-c3ccncc3)ccc2c1,1
Oc1nnc(-c2ccnc(NC3CCC3)c2)n1-c1ccc2ccccc2c1,1
Cc1ccc(-c2cccc3cnc(Nc4ccc(F)cc4)nc23)cn1,1
NC(=O)c1ccccc1Nc1nc(Nc2ccc(N3CCOCC3)cc2F)ncc1Cl,1
OC1CCC(Nc2ncc3nc(Nc4c(F)cc(F)cc4F)n(C4CCOC4)c3n2)CC1,1
COc1cccc(-c2cc(C(O)Nc3ccc(C(C)=O)cc3)on2)c1,1
O=C(Nc1cc(-c2ccnc(Nc3ccc(F)cc3)c2)ccn1)C1CCOC1,1
CC(C)N(CCC(=O)c1ccc2ccccc2c1)Cc1ccccc1,1
COc1ccc(Oc2cc(Nc3ccccc3C(N)=O)c(F)cn2)cc1,1
CN(C)CC(=O)N1CCc2c(sc(NC(=O)c3cccc4ccccc34)c2C#N)C1,1
N#Cc1ccc2c(ccc(=O)n2CC(=O)Nc2scc(Br)c2-c2ncn[nH]2)c1,1
COc1cc(C(=O)NCc2cn3ccccc3n2)cc(OC)c1OC,1
O=C(NCCN1CCOCC1)c1cccc(-n2ncc3cc(Nc4ccccc4Cl)ccc32)c1,1
CCOc1nc(C(=O)NCc2ccc(S(C)(=O)=O)cc2)cc(N)c1Cl,1
c1ccc2cc(-c3nc4ccccc4n3-c3ccnc(NC4CCCCC4)c3)ccc2c1,1
COc1ccc(Oc2cc(Nc3cccc(Cl)c3C(N)=O)c(C(F)(F)F)cn2)cc1,1
NC(=O)c1ccccc1Nc1ccnc(Nc2ccc3ccccc3c2)c1,1
Cc1cnc(Nc2ccc(OCCN3CCCC3)cc2)nc1Nc1cccc(S(=O)(=O)NC(C)(C)C)c1,1
Oc1nnc(-c2ccnc(NC3CCOCC3)c2)n1-c1ccc2ccccc2c1,1
COc1ccc(-c2cnc3c(-c4ccsc4)cnn3c2)cc1,1
CSc1nc(-c2ccc(F)cc2)c(-c2ccnc(NC(C)CCc3ccccc3)c2)[nH]1,1
Cc1cccc(NC(=O)c2ccc(C(F)F)o2)c1N1CCC2(CC1)OCCO2,1
O=Nc1c(O)n(Cc2cc(F)cc3c2OCOC3)c2cccc(Br)c12,1
COC(=O)c1cc(Br)c(=O)n(Cc2ccc3c(c2)OCO3)c1,1
Cc1ccc(C(=O)NC2CC2)cc1-c1ccc2nc(NCCN3CCOCC3)ncc2c1,1
Oc1nnc(-c2ccnc(Nc3ccccc3)c2)n1-c1ccc2ccccc2c1,1
O=C(NCCCN1CCOCC1)c1cccc(-n2ncc3cc(Nc4ccccc4Cl)ccc32)c1,1
c1ccc2cc(-c3ccnn3-c3ccncc3)ccc2c1,1
COc1ccc(Oc2cc(Nc3ccccc3C(N)=O)c(C(F)(F)F)cn2)c(Cl)c1,1
Cc1cc(NC(=O)c2cccc(-n3ncc4cc(Nc5ccccc5F)ccc43)c2)ccc1N1CCOCC1,1
NC(=O)c1cc(Cc2ccccc2)sc1NC(=O)c1ccco1,1
Oc1nnc(-c2ccnc(NC3CCOCC3)c2)n1-c1ccc2cccc(Cl)c2c1,1
O=C(C1CC1)N1CCCC(Nc2nccc(-n3c(-c4ccc5ccccc5c4)nc4ccc(O)cc43)n2)C1,1
Cc1ccc(C(=O)Nc2cccc(C)c2N2CCC3(CC2)OCCO3)o1,1
O=c1n(C2CCNCC2)nc(-c2ccnc(NC3CCOCC3)c2)n1-c1ccc2ccccc2c1,1
C=CCN1CCN(c2c(Cl)cccc2NC(=O)c2ccno2)CC1,1
CN(C)C(=O)c1ccc(Nc2cc(Nc3ccccc3C(N)=O)ccn2)cc1,1
O=C(Cc1cccc2ncc(C(F)(F)F)cc12)Nc1scc(Br)c1-c1ncn[nH]1,1
CCOc1cc2ncc(C#N)c(Nc3ccc(OCc4ccccn4)c(Cl)c3)c2cc1NC(=O)C=CCN(C)C,1
CC(C)Nc1cc(-c2nc3ccccc3nc2-c2ccc(F)cc2)ccn1,1
Cc1cccc(NC(=O)c2ccc(Cc3ccccc3)o2)c1N1CCC2(CC1)OCCO2,1
Cc1cccc(Nc2nc(NC3CCCCC3N)cnc2C(N)=O)c1,1
Nc1ncnc2[nH]nc(Nc3ccc(F)cc3)c12,1
Cc1ccccc1Nc1cc(-c2ccnc(Nc3ccccc3C)c2)ccn1,1
N#Cc1c(NC(=O)c2ccsc2)sc2c1CCCC2,1
c1ccc2cc(-n3ccnc3-c3ccncc3)ccc2c1,1
O=C(NC(CO)c1cccc(F)c1)c1cc(-c2[nH]ncc2-c2cccc(Cl)c2)c[nH]1,1
N#CC(=Cc1ccc(O)c(O)c1)C(=O)NCc1ccccc1,1
NC1=CC=C2SN=C3c4ccccc4C(=O)C1C23,1
COc1ccc(Oc2cc(Nc3ccccc3-c3ncn[nH]3)c(Cl)cn2)cc1,1
Cc1ncn(-c2ccc(Nc3cc(-c4nocc4-c4cc[nH]n4)ccn3)cc2)n1,1
CC(C)c1noc(-c2ccc(F)cc2)c1-c1ccncc1,1
CNC(=O)C1CCC(Nc2ncc3nc(Nc4c(F)cc(F)cc4F)n(C4CCOC4)c3n2)CC1,1
O=c1c(-c2ccc(F)cc2)c(-c2ccnc(NC3CCCCC3)c2)oc2ccccc12,1
COc1cc2c(cc1Cl)C(c1ccc(F)cc1)=NCC2,1
CC(C)c1nn(-c2c(Cl)cccc2Cl)c2nc(Cc3ccc(OCCO)cc3)nc(O)c12,1
COc1ccc(Oc2cc(Nc3ccccc3C(N)=O)c(Cl)cn2)cc1,1
CCn1cnc2c(Nc3cccc(Cl)c3)nc(NC3CCCCC3N)nc21,1
O=c1n(-c2ccccn2)nc(-c2ccnc(NC3CCOCC3)c2)n1-c1ccc2ccccc2c1,1
Cn1cc(-c2conc2-c2ccnc(Nc3ccc(N4CCOCC4)cc3)c2)cn1,1
COc1cc2c(cc1Cl)C(c1cccc(Cl)c1F)=NCC2,1
O=c1c2ccccc2[nH]c(=S)n1CCN1CCC(=C(c2ccc(F)cc2)c2ccc(F)cc2)CC1,1
COC(=O)c1c(C)csc1NC(=O)Cc1ccc(OCCCn2ccnc2)cc1,1
COCCn1c(SC)nc(-c2ccc(F)cc2)c1-c1ccnc(NC2CCCCC2)c1,1
CCOc1nc(C(=O)NCc2ccc(S(C)(=O)=O)cc2)cc(N)c1C#N,1
c1ccc2cc(-n3cnnc3-c3ccncc3)ccc2c1,1
O=c1n(C2CCN(CC(F)(F)F)CC2)nc(-c2ccnc(NC3CCOCC3)c2)n1-c1ccc2ccccc2c1,1
O=C(Cn1c(=O)ccc2cc(OC(F)(F)F)ccc21)Nc1scc(Br)c1-c1ncn[nH]1,1
CC12OC(CC1(O)CO)n1c3ccccc3c3c4c(O)[nH]cc4c4c5ccccc5n2c4c31,1
O=Nc1c(O)n(Cc2ccccc2F)c2ccccc12,1
NC(=O)c1ccccc1Nc1cc(Oc2ccc3c(c2)OCO3)ncc1C(F)(F)F,1
COc1ccc(S(=O)(=O)N(CCO)c2ccccc2CN(C)CC=Cc2ccc(Cl)cc2)cc1,1
Cc1ccc(-n2nc(C(C)(C)C)cc2NC(=O)Nc2ccc(OCCN3CCOCC3)c3ccccc23)cc1,1
CCC(=O)Nc1ccc2c(N=O)c(O)n(Cc3cc(F)cc4c3OCOC4)c2c1,1
CN(C)S(=O)(=O)c1ccc2[nH]c(O)c(Cc3cc4c([nH]3)=CCCC=4)c2c1,1
COc1ccc(Nc2ncc3nc(Nc4ccccc4F)n(C4CCC(C(N)=O)CC4)c3n2)cc1,1
CSc1nc(-c2ccc(F)cc2)c(-c2ccnc(NCC3CCCO3)c2)[nH]1,1
c1cc(-n2cnc(N3CCOCC3)n2)ccc1Nc1ncc2ccc(N3CCOCC3)cc2n1,1
Cc1cccc(Nc2ccc3c(cnn3-c3cccc(C(=O)NCCN4CCN(C5CCC5)CC4)c3)c2)c1Cl,1
CC1CCN(C(=O)CC#N)CC1N(C)c1ncnc2[nH]ccc12,1
CC(=O)N1CCCC(C(=O)Nc2cc(-c3ccnc(Nc4ccc(F)cc4)c3)ccn2)C1,1
CSc1nc(-c2ccc(F)cc2)c(-c2ccnc(NCCc3cccs3)c2)[nH]1,1
CCN(CC)CCNC(=O)c1c(C)[nH]c(C=C2C(=O)Nc3ccc(Cl)cc32)c1C,1
CNc1cc2c(Nc3cccc(Br)c3)ncnc2cn1,1
Oc1nnc(-c2ccnc(NC3CCCOC3)c2)n1-c1ccc2ccccc2c1,1
Nc1ccc2ncnc(NCCc3ccc(Oc4ccccc4)cc3)c2c1,1
N#Cc1csc(NC(=O)Cn2c(=O)ccc3cc(C(F)(F)F)ccc32)c1-c1nccs1,1
CNC(=O)c1ccccc1Nc1nc(Nc2ccc(N3CCOCC3)cc2OC)ncc1Cl,1
NC1CCC(Nc2ncc3nc(Nc4c(F)cccc4F)n(C4CCCC4)c3n2)CC1,1
Fc1cccc(Nc2cc(-n3cccn3)ncn2)c1,1
CN(C)CCNc1cncc(-c2ccc3[nH]cc(-c4ccnc(N)n4)c3c2)n1,1
Oc1ccc2c(c1)nc(-c1ccc3ccccc3c1)n2-c1ccnc(NC2CCCNC2)c1,1
O=C(NCCO)c1cccc(-n2ncc3cc(Nc4ccccc4Cl)ccc32)c1,1
COc1cc2ncnc(Nc3ccc(F)c(Cl)c3)c2cc1OCCCN1CCOCC1,1
CNC(=O)c1ccccc1Nc1cc(Nc2ccc(-n3nc(C)nc3C)cc2)ncc1C(F)(F)F,1
C[SH](=O)(O)N=C1CCC(Nc2nccc(-n3nnc4ccccc43)n2)CC1,1
COC1C(N(C)C(=O)c2ccccc2)CC2OC1(C)n1c3ccccc3c3c4c(c5c6ccccc6n2c5c31)C(=O)NC4,1
Cc1cnc(Nc2ccc(F)cc2Cl)nc1-c1c[nH]c(C(=O)NC(CO)c2cccc(Cl)c2)c1,1
Cn1ccc(-c2cc(Nc3ccc(-n4cnc(N5CCOCC5)n4)cc3)ncc2F)n1,1
CS(=O)(=O)Nc1ccc(-c2cnc3cccc(Nc4ccccn4)c3c2)cc1,1
O=C(NCCN1CCOCC1)c1cccc(-n2ncc3cc(Nc4ccccc4)cnc32)c1,1
O=C(NCC1CCCO1)C1C=C(c2[nH]ncc2-c2cccc(Cl)c2)C=N1,1
Cc1cccc(Cn2c(O)c(N=O)c3ccccc32)c1,1
COc1ccc(Nc2ncc3nc(Nc4ccc(F)cc4F)n(C4CCCC4)c3n2)cc1,1
NC1CCC(Nc2ncc3nc(Nc4ccc(F)cc4F)n(C4CCCC4)c3n2)CC1,1
O=C(Cn1c(=O)ccc2ccc(OC(F)(F)F)cc21)Nc1scc(Br)c1-c1ncn[nH]1,1
Nc1ccc(-c2cnc3ccc4ccncc4c3c2)cc1,1
O=Nc1c(O)n(Cc2cccc(Cl)c2)c2ccccc12,1
CCN1CCN(c2c(Cl)cccc2NC(=O)c2ccc(Br)o2)CC1,1
Cc1ccc(-c2cccc3cnc(Nc4ccc(-n5cnc(C)n5)cc4)nc23)cn1,1
CNC(=O)c1cc(Oc2ccc(NC(=O)Nc3ccc(Cl)c(C(F)(F)F)c3)cc2)ccn1,1
CC(C)(C)c1cc(C=C(C#N)C#N)cc(Br)c1O,1
COc1cc(Nc2cc(Nc3ccccc3C(N)=O)ccn2)cc(OC)c1OC,1
O=Nc1c(O)n(Cc2cc(F)cc3c2OCOC3)c2cc(Br)ccc12,1
CC(=O)N1CCCC(C(=O)Nc2cc(-c3ccnc(Nc4ccc(F)cc4)c3)ccn2)C1,1
CCN(CC)S(=O)(=O)c1ccc2nc(COC(=O)c3n[nH]c4ccccc34)[nH]c2c1,1
O=C(O)c1cccc(-c2n[nH]c3cc(Nc4ccccc4Cl)ccc23)c1,1
CN1CCN(CCNC(=O)c2cccc(-n3ncc4cc(Nc5c(Cl)cccc5Cl)ccc43)c2)CC1,1
CCOc1ccccc1Nc1cc(-c2ccnc(Nc3ccccc3OCC)c2)ccn1,1
Cc1nc(C)n(-c2ccc(Nc3cc(-c4nn(C)cc4-c4cccnc4)ccn3)cc2)n1,1
COc1cc(NC(=O)c2cccc(-n3ncc4cc(Nc5ccccc5C)ccc43)c2)cc(OC)c1OC,1
Cc1cccc(NC(=O)c2ccc(F)o2)c1N1CCC2(CC1)OCCO2,1
NC(=O)c1ccccc1Nc1nc(Nc2ccc(N3CCCC3=O)cc2)ncc1Cl,1
O=C(Cn1c(=O)ccc2ccc(C(F)(F)F)cc21)Nc1scc(Br)c1-c1ncn[nH]1,1
c1cc(-n2cnc(N3CCOCC3)n2)ccc1Nc1ncc2ccc(-c3cnoc3)cc2n1,1
Cn1ccc(-c2cc(Nc3ccc(N4CCOCC4)cc3)ncc2F)n1,1
O=C(Nc1cc(-c2n[nH]c(=O)n2-c2ccc3ccccc3c2)ccn1)c1ccccc1,1
COc1cc(CN=C(C)C(C#N)C(N)=O)cc(OC)c1OC,1
COc1ccc(C(=O)Nc2cccc(C)c2N2CCC3(CC2)OCCO3)o1,1
CCOc1nc(NC(=O)Cc2cc(OC)c(S(C)(=O)=O)cc2OC)cc(N)c1Cl,1
C=CCN1CCN(c2c(C)cccc2NC(=O)c2ccc(Br)o2)CC1,1
Fc1cnc(Nc2ccc(N3CCOCC3)cc2)cc1-c1ccn(CCc2ccccc2)n1,1
C=CCN1CCN(c2c(Cl)cccc2NC(=O)c2cccc(Br)n2)CC1,1
Cc1n[nH]c(-c2c(C)csc2NC(=O)Cc2cccc3nccnc23)n1,1
CCN(CC)CCNC(=O)c1c(C)[nH]c(C=C2C(=O)Nc3ccc(F)cc32)c1C,1
O=S(=O)(NCCNCC=Cc1ccc(Br)cc1)c1cccc2cnccc12,1
C#Cc1cccc(Nc2ncnc3cc(OCCOC)c(OCCOC)cc23)c1,1
Cc1ccc2c(c1)c(N=O)c(O)n2Cc1cccc(C(F)(F)F)c1,1
COC(=O)c1ccsc1NC(=O)C1=COCCO1,1
Cc1ncn(-c2ccc(Nc3nccc(-c4ccn(C)n4)n3)cc2)n1,1
O=Nc1c(O)n(Cc2cccc(F)c2)c2ccccc12,1
COc1cc(C)c(N2CCN(C(C)C)CC2)cc1Nc1nc(Nc2cccc(F)c2C(N)=O)c2cc[nH]c2n1,1
c1ccc(-c2n[nH]c3ccccc23)cc1,1
Cc1n[nH]c(-c2c(C)csc2NC(=O)Cc2cccc3ncccc23)n1,1
COc1ccc(Oc2cc(Nc3cc(OC)ccc3C(N)=O)c(C(F)(F)F)cn2)cc1,1
CCOC(=O)c1c(C)[nH]c(C=C2C(=O)Nc3ccccc32)c1C,1
Cc1nc(Nc2ncc(C(=O)Nc3c(C)cccc3Cl)s2)cc(N2CCN(CCO)CC2)n1,1
Cc1nc(C)n(-c2ccc(Nc3cc(-c4nn(C)cc4-c4ccc(F)cc4)ccn3)cc2)n1,1
COc1cc2c(cc1Cl)CCN=C2c1cccc(Br)c1,1
COc1ccc(Oc2cc(Nc3cccc(OC)c3C(N)=O)c(C(F)(F)F)cn2)cc1,1
O=C(Cn1c(=O)ccc2cc(F)c(F)cc21)Nc1scc(Br)c1-c1ncn[nH]1,1
O=C(C1CC1)N1CCCC(Nc2cc(-n3c(-c4cccc(O)c4)nc4ccccc43)ccn2)C1,1
Oc1nnc(-c2ccnc(NC3CCCCC3)c2)n1-c1ccc2ccccc2c1,1
O=C(Cc1cccc2cnccc12)Nc1scc(Cl)c1-c1ncn[nH]1,1
Cc1cccc(NC(=O)c2ccc(Br)o2)c1N1CCC2(CC1)OCCO2,1
CCCn1c(C2CCNCC2)nc(-c2ccc(Cl)c(Cl)c2)c1-c1ccnc(NC2CCCCC2)n1,1
O=c1cc(-c2cccc3c2Sc2ccccc2S3)oc(N2CCOCC2)c1,1
NC(=O)c1ccccc1Nc1ccnc(Nc2ccc(-n3ccnn3)cc2)c1,1
Nc1cccc(-c2cc3c(Oc4cccc(O)c4)ncnc3[nH]2)c1,1
NC(=O)c1ccccc1Nc1cc(Oc2ccc(-c3cccnc3)cc2)ncc1C(F)(F)F,1
NC(=O)c1ccccc1Nc1ccnc(Oc2ccccc2)c1,1
COc1c(-c2cnn(C)c2)ccc2cnc(Nc3ccc(-n4cnc(N5CCOCC5)n4)cc3)nc12,1
Cc1ccc(-c2ncn(-c3ccc(Nc4cc(-c5ccn(C)n5)c(F)cn4)cc3)n2)cn1,1
CNC(=O)c1ccccc1Nc1cc(Nc2ccc(N3CCOCC3)cc2F)ncc1C(F)(F)F,1
CCOC(=O)c1c(C#N)csc1NC(=O)Cc1ccc(OC)cc1,1
COC1C=CC=C(C)C(=O)NC2=CC(=O)C=C(C2=O)C(OC)C(C)CC(OC)C(OC)C(C)C=C(C)C1OC(N)=O,1
COC(=O)c1c(C)csc1NC(=O)CN1C(=O)CCc2ccccc21,1
C=CCN1CCN(c2c(Cl)cccc2NC(=O)c2cccc(Br)c2)CC1,1
Cc1nc(C)n(-c2ccc(Nc3cc(-c4nn(C)cc4C)ccn3)cc2)n1,1
NC(=O)c1ccccc1Nc1cc(Oc2ccc3ccccc3c2)ncc1C(F)(F)F,1
Cc1ccc2nccc(NC(=O)Nc3cccc(C(F)(F)F)n3)c2c1,1
N#Cc1c(NCc2ccccc2)ccnc1NCc1cccnc1,1
Cc1ccc(-c2cccc3cnc(Nc4ccc5c(c4)OCO5)nc23)cn1,1
CCOc1ccc(CC(=O)Nc2c(C(N)=O)oc3ccccc23)cc1OCC,1
CS(=O)c1ccc(-c2nc(-c3ccc(F)cc3)c(-c3ccncc3)[nH]2)cc1,1
N#Cc1csc(NC(=O)Cn2c(=O)ccc3cc(C(F)(F)F)ccc32)c1-c1cscn1,1
C=CC(=O)Nc1cc2c(Nc3ccc(F)c(Cl)c3)ncnc2cc1OCCCN1CCOCC1,1
O=C(Nc1ccccc1N1CCOCC1)c1ccc(Br)o1,1
Nc1c(C(=O)c2cccc(OCC(O)CO)c2)cnn1-c1ccc(F)cc1,1
O=C(NC(CO)c1ccc(C(F)(F)F)cc1)c1cc(-c2[nH]ncc2-c2cccc(Cl)c2)c[nH]1,1
COc1ccc(CC(=O)Nc2ccsc2-c2nc(C(F)(F)F)n[nH]2)cc1,1
CS(=O)(=O)Nc1ccc(-c2cnc3ccc4ccncc4c3c2)cc1,1
O=C(NC(CO)c1cc(Cl)cc(Cl)c1)c1cc(-c2[nH]ncc2-c2cccc(Cl)c2)c[nH]1,1
CSc1nc(-c2ccc(F)cc2)c(-c2ccnc(NC(C)CCCC(C)C)c2)[nH]1,1
O=C(CN1C(=O)CCc2ncccc21)Nc1scc(Br)c1-c1ncn[nH]1,1
CC(Nc1cc(-c2nnc(O)n2-c2ccc3ccccc3c2)ccn1)c1ccccc1,1
N#Cc1ccc2ccc(=O)n(CC(=O)Nc3scc(Br)c3-c3ncn[nH]3)c2c1,1
O=C(Cc1cccc2cnccc12)Nc1scnc1-c1cnccn1,1
CC(NC(=O)c1cc(-c2[nH]ncc2-c2cccc(Cl)c2)c[nH]1)c1ccccc1,1
COc1ccc(Nc2ncc3nc(Nc4ccccc4F)n(C(C)C)c3n2)cc1,1
Fc1cc(-c2ccnc(Nc3ccc(-n4cnc(N5CCOCC5)n4)cc3)n2)cc(N2CCOCC2)c1,1
CNC(=O)c1ccccc1Nc1cc(Nc2ccc(-n3ccnn3)cc2)ncc1C(F)(F)F,1
NC(=O)c1ccc(N(C(N)=O)c2c(F)cccc2F)nc1-c1ccc(F)cc1F,1
NC(=O)c1cccc(-c2n[nH]c3cc(Nc4ccccc4Cl)ccc23)c1,1
COc1cccc(-c2cc(C(O)Nc3cc(OC)c(OC)c(OC)c3)on2)c1,1
O=C(NCc1ccc(F)c(F)c1)C1C=C(c2[nH]ncc2-c2cccc(Cl)c2)C=N1,1
CS(=O)(=O)N(c1ccc(-c2cnc3ccc4ccncc4c3c2)cc1)S(C)(=O)=O,1
CC(=O)N(C(C)=O)c1ccc(-c2cnc3ccc4ccncc4c3c2)cc1,1
COc1cc(NC(=O)c2cccc(-n3ncc4cc(Nc5ccccc5)ccc43)c2)cc(OC)c1OC,1
CNC(=O)c1ccccc1Nc1cc(Nc2ccc(C(=O)N(C)C)cc2)ncc1C(F)(F)F,1
Cc1cccc(CC(=O)Nc2cnn(-c3cccc(C(=O)NC4CCOC(C)(C)C4)c3)c2)c1,1
Cc1ncn(-c2ccc(Nc3cc(-c4nocc4-c4c[nH]nc4C)ccn3)cc2)n1,1
CCNC(=O)N1CCC(Nc2ncc(C#N)c(-c3c[nH]c4cc(F)ccc34)n2)CC1,1
Cc1ccc(-c2cccc3cnc(NC4CCC(C(=O)N5CCCC5)CC4)nc23)cn1,1
NC1CCC(Nc2ncc3nc(Nc4ccccc4F)n(C4CCCC4)c3n2)CC1,1
COc1ccc(CC(=O)Nc2ccsc2-c2cnccn2)cc1,1
Oc1nnc(-c2ccnc(Nc3cccnc3)c2)n1-c1ccc2ccccc2c1,1
COc1ccc(CC(=O)Nc2ccsc2-c2nc(N)n[nH]2)cc1,1
CN(C)CCCn1cc(C2=C(c3c[nH]c4ccccc34)C(=O)NC2=O)c2ccccc21,1
O=Nc1c(O)n(Cc2cc(F)cc3c2OCOC3)c2cccc(-c3cccc(F)c3)c12,1
Cc1cc(Nc2cc(N3CCN(C)CC3)nc(Sc3ccc(NC(=O)C4CC4)cc3)n2)n[nH]1,1
O=c1cc(N2CCOCC2)oc2c(-c3ccccc3)cccc12,1
NC(=N[N+](=O)[O-])NN=Cc1ccc(-c2cccc([N+](=O)[O-])c2)o1,1
NC(=O)c1ccccc1Nc1nc(Nc2ccc(F)cc2)ncc1Cl,1
O=C(NCCN1CCOCC1)c1ccnc(-n2ncc3cc(Nc4ccccc4Cl)ccc32)c1,1
C=S(O)(O)=CCCOc1cccc2c1ccn2-c1ccnc(NC2CCC(C(=O)N3CCC(O)CC3)CC2)n1,1
Cc1cnc(C(=O)Nc2cc(-c3ccnc(Nc4ccccc4)c3)ccn2)cn1,1
CCCCCCCCCCCc1cc(O)cc(O)c1C(=O)OC(CCC)CCCCCCCc1cc(OS(=O)(=O)O)cc(OS(=O)(=O)O)c1,1
Cc1ncn(-c2ccc(Nc3cc(-c4nocc4-c4cnn(C)c4)ccn3)cc2)n1,1
O=C(NC(CO)c1ccccc1F)c1cc(-c2[nH]ncc2-c2cccc(Cl)c2)c[nH]1,1
c1ccc(-c2noc(CN3CCCCC3)c2-c2ccnc(NC3CCCCC3)n2)cc1,1
COC(=O)c1sccc1NC(=O)Cc1ccc(-c2ccncc2)cc1,1
CN1C(=O)C(c2ccc3ccccc3c2)C(c2ccncc2)=NC1=NCC(N)Cc1ccccc1,1
COc1cc(-c2cc(=O)c3cc(Br)cc(Br)c3o2)ccc1O,1
Sc1nnc(-c2ccncc2)n1-c1ccc2ccccc2c1,1
CC(=O)N1CCCC(C(=O)Nc2cc(-c3ccnc(Nc4ccccc4)c3)ccn2)C1,1
Cc1nnc(-c2sccc2NC(=O)Cc2cccc3ccccc23)o1,1
CS(=O)(=O)Nc1ccc(-c2cnc3cccc(Nc4ccc(C(F)(F)F)cn4)c3c2)cc1,1
O=C(Nc1cccc(Cl)c1N1CCNCC1)c1ccc(Br)o1,1
OC1CCC(Nc2ncc3nc(Nc4c(F)cc(F)cc4F)n(C4CCOC4)c3n2)CC1,1
COc1ccc(Oc2cc(Nc3ccc(Cl)cc3C(N)=O)c(C(F)(F)F)cn2)cc1,1
O=C(Cc1cccc2cnccc12)Nc1scc(Br)c1-c1ncn[nH]1,1
O=C(COC(=O)c1n[nH]c2ccccc12)Nc1ccc(S(=O)(=O)N2CCCC2)cc1,1
Oc1ccc(Nc2nc(-c3ccc(Cl)cc3)cs2)cc1,1
CCOc1ncccc1C(=O)Nc1cccc(C(=O)Nc2cccc(S(=O)(=O)CCO)c2)c1,1
NC(=O)c1sccc1NC(=O)Cc1ccccc1,1
N#Cc1c(NC(=O)c2ccccc2F)sc2c1CCCC2,1
NC(=O)c1ccccc1Nc1nc(Nc2ccc(N3CCOCC3)c(F)c2)ncc1Cl,1
O=C(C1CC1)N1CCCC(Nc2nccc(-n3c(-c4ccc5ccccc5c4)nc4ccccc43)n2)C1,1
COc1cc2c(cc1Cl)C(c1ccccc1)=NCC2,1
Cc1ccc(S(=O)(=O)C=CC#N)cc1,1
COC1CCC(C(=O)Nc2cc(-c3ccnc(Nc4ccc(F)cc4)c3)ccn2)CC1,1
COc1ccc(Oc2cc(Nc3cc(Cl)ccc3C(N)=O)c(C(F)(F)F)cn2)cc1,1
Cc1cccc(-c2[nH]c(C(C)(C)C)nc2-c2ccc3c(c2)OCO3)n1,1
Oc1cc(O)cc(C=Cc2ccc(O)c(O)c2)c1,1
Cc1csc(NC(=O)Cc2cccc3ncccc23)c1-c1ncn[nH]1,1
O=c1n(CC2CCOCC2)nc(-c2ccnc(NC3CCCCC3)c2)n1-c1ccc2ccccc2c1,1
Cc1[nH]c(C=C2C(=O)Nc3ccc(F)cc32)c(C)c1C(=O)NCC(O)CN1CCOCC1,1
Cc1ccc(F)c(NC(=O)Nc2ccc(-c3cccc4[nH]nc(N)c34)cc2)c1,1
Cc1cc(Nc2ncc(Cl)c(Nc3ccccc3C(N)=O)n2)ccc1N1CCOCC1,1
COc1cc2c(cc1Cl)C(c1ccc(Cl)c(Cl)c1)=NCC2,1
CCc1cccc2c1c(N=O)c(O)n2Cc1cc(F)cc2c1OCOC2,1
NCCNc1ncc(C(N)=O)c(Nc2cccc(C(F)(F)F)c2)n1,1
Cc1ccc(Nc2nccc(N(C)c3ccc4c(C)n(C)nc4c3)n2)cc1S(N)(=O)=O,1
N#Cc1cccc2c1c(N=O)c(O)n2Cc1cc(F)cc2c1OCOC2,1
NC(=O)c1oc2ccccc2c1NC(=O)c1ccco1,1
COc1cc(-c2ccc3c(c2)NC(=O)c2ccc(-c4ccccc4NS(C)(=O)=O)cc2N3)cc(OC)c1OC,1
O=C(Cc1cccc2ccccc12)Nc1ccsc1-c1nnco1,1
CNC(=O)c1ccsc1NC(=O)c1ccccc1,1
NS(=O)(=O)c1ccc(-c2cnc3cccc(Nc4ccccn4)c3c2)cc1,1
O=C(NCC1CCCO1)c1cc(-c2[nH]ncc2-c2cccc(Cl)c2)c[nH]1,1
CNC1CC2OC(C)(C1OC)n1c3ccccc3c3c4c(c5c6ccccc6n2c5c31)C(=O)NC4,1
CCCN1C=CC(=C2C(=O)c3ccccc3C2=O)C=C1,1
Cc1cccc(C)c1-n1c(=O)c2cnc(Nc3ccc(N4CCN(C)CC4)cc3)nc2n2c3ccccc3nc12,1
CNS(=O)(=O)c1ccccc1Nc1nc(Nc2cc(OC)c(OC)c(OC)c2)ncc1Cl,1
CNc1ncc2nc(Nc3ccccc3F)n(C3CCCC3)c2n1,1
O=C(Cc1ccc(C(F)(F)F)c2ncccc12)Nc1scc(Cl)c1-c1ncn[nH]1,1
O=C1c2ccccc2-c2nc3nnnn3nc21,1
COC(=O)c1c(C)csc1NC(=O)Cc1cccc2ncccc12,1
c1ccc(Nc2ccc3c(-c4ccccc4)[nH]nc3c2)cc1,1
CS(=O)(=O)N1CCN(Cc2cc3nc(-c4cccc5n[nH]cc45)nc(N4CCOCC4)c3s2)CC1,1
CS(=O)(O)=Nc1ccc2c(N=O)c(O)n(Cc3cc(F)cc4c3OCOC4)c2c1,1
O=C(Cc1cccc2ncccc12)Nc1scc(Br)c1-c1ncn[nH]1,1
N#Cc1cnc2cnc(NCc3cccnc3)cc2c1Nc1ccc(F)c(Cl)c1,1
O=C(Cc1cccc2ccccc12)Nc1ccsc1-n1ccnc1,1
CC(=O)N1CCCC(C(=O)Nc2cc(-c3ccnc(Nc4ccc(F)cc4)c3)ccn2)C1,1
CC1CCN(C(=O)N2CCC(Nc3ncc(Cl)c(-c4c[nH]c5ccccc45)n3)CC2)CC1,1
COc1cc(NC(=O)c2cccc(-n3ncc4cc(Nc5ccccc5Cl)ccc43)c2)cc(OC)c1OC,1
CCc1ccc(C(=O)Nc2cccc(C)c2N2CCC3(CC2)OCCO3)o1,1
O=C(Nc1ccccc1)c1c(O)nc(O)nc1Nc1ccccc1,1
COc1ccccc1Nc1cc(-c2ccnc(Nc3ccccc3OC)c2)ccn1,1
NC(=O)c1ccccc1Nc1ccnc(Nc2ccc(N3CCOCC3)cc2F)c1,1
CNC(=O)c1c(F)cccc1Nc1nc(Nc2cc3c(cc2OC)CCN3C(=O)CN(C)C)nc2[nH]ccc12,1
COc1ccccc1Nc1ccc2c(cnn2-c2cccc(C(=O)NCCCN3CCOCC3)c2)c1,1
COC(=O)c1sccc1NC(=O)Cc1ccc2ccccc2c1,1
Cn1cnc(-c2c(Br)csc2NC(=O)CN2C(=O)CCc3ncccc32)n1,1
CCN(CCCOc1ccc2c(Nc3cc(CC(=O)Nc4cccc(F)c4)[nH]n3)ncnc2c1)CCOP(=O)(O)O,1
Cc1cccc(NC(=O)c2cccc(-n3ncc4cc(Nc5ccccc5F)ccc43)c2)c1,1
COc1ccccc1Nc1ccc2c(-c3ccccc3)n[nH]c2c1,1
N#Cc1c(NC(=O)c2ccc(F)cc2)sc2c1CCCC2,1
N#CC(=Cc1ccc(O)cc1)C(=N)C(C#N)C#N,1
COC(=O)c1sccc1NC(=O)Cc1cccc2ccccc12,1
COC1CCC(C(=O)Nc2cc(-c3ccnc(Nc4ccccc4)c3)ccn2)CC1,1
c1cc(-c2ccnc(Nc3ccc(-n4ccnn4)cc3)n2)cc(N2CCOCC2)c1,1
CS(=O)(=O)Nc1ccc(-c2ccnc(Nc3ccc(-n4ccnn4)cc3)n2)cc1,1
Cc1cc(Nc2cc(Nc3ccccc3C(N)=O)ccn2)ccc1N1CCOCC1,1
O=C1N=c2ncccc2=C1c1[nH]c2ncccc2c1O,1
CN(C)CCNC(=O)c1cccc(-c2n[nH]c3cc(Nc4ccccc4Cl)ccc23)c1,1
CN(C)CC(=O)N1CCC(Nc2ncc(Cl)c(-c3c[nH]c4ccccc34)n2)CC1,1
CCCNc1nccc(-c2c(-c3ccc(F)cc3)nc3n2C(CO)CC3)n1,1
O=C(O)c1cnc2c(Cl)cc(Cl)c(Cl)c2c1O,1
Cc1cccc(NC(=O)c2ccc(Cl)o2)c1N1CCC2(CC1)OCCO2,1
O=Nc1c(O)n(Cc2cc(F)cc3c2OCOC3)c2cc(C(=O)O)ccc12,1
N#Cc1c(NC(=O)c2cccc3ccccc23)sc2c1CCCN2C(=O)c1cc[nH]n1,1
CS(=O)(=O)Nc1ccc(-c2cnc3cccc(-c4cccnc4)c3c2)cc1,1
COC(=O)c1sccc1NC(=O)Cc1ccc(-n2ccnc2)cc1,1
CCc1nc(-c2ccc(OC)cc2)[nH]c1-c1ccncc1,1
Cc1n[nH]c(-c2c(C)csc2NC(=O)Cc2ccc(OCCCN3CCCCC3)cc2)n1,1
COc1ccc2c(c1)C(=Cc1cnc[nH]1)C(=O)N2,1
COc1cc(N2CCC(N3CCN(C)CC3)CC2)ccc1Nc1ncc(Cl)c(Nc2ccccc2S(=O)(=O)C(C)C)n1,1
C#Cc1csc(NC(=O)Cc2ccc(OC)cc2)c1C(=O)OCC,1
COc1cc(OC)c(C=C2C(=O)Nc3ccccc32)c(OC)c1,1
CSc1ccc(-n2ccc(-c3ccnc(Nc4ccc(-n5nc(C)nc5C)cc4)c3)n2)cc1,1
CCOc1nc(NC(=O)Cc2cc(OC)ccc2OC)cc(N)c1C#N,1
O=C(Cc1cccc2cnccc12)Nc1scnc1-c1nc[nH]n1,1
CCNC(=O)N1CCC(Nc2ncc(Cl)c(-c3c[nH]c4ccccc34)n2)CC1,1
COc1cc2ncnc(Nc3ccc(NC(=O)c4ccccc4)cc3)c2cc1OC,1
CN(C)CC=CC(=O)Nc1cc2c(Nc3ccc(F)c(Cl)c3)ncnc2cc1OC1CCOC1,1
COc1ccc(COc2ccc(Cc3cnc(N)nc3N)cc2OC)cc1,1
O=C(CN1C(=O)CCc2ncccc21)Nc1scc(Br)c1-c1nccs1,1
Cc1onc(-c2ccnc(Nc3ccc(N4CCOCC4)cc3)c2)c1-c1ccc(F)cc1,1
Cc1cc(-c2sccc2NC(=O)Cc2cccc3ccccc23)[nH]n1,1
COCCC(=O)Nc1cc(-c2ccnc(Nc3ccccc3)c2)ccn1,1
Cc1c(-c2cnn(C)c2)ccc2cnc(Nc3ccc(-n4cnc(N5CCOCC5)n4)cc3)nc12,1
O=C1NC(=O)C(=Cc2ccc3nccnc3c2)S1,1
N#Cc1c(NC(=O)c2cccc3ccccc23)sc2c1CCCN2Cc1cccnc1,1
CCN1C(=O)C(C)(C)c2cc3[nH]c4c(c3cc21)CCCc1c-4n[nH]c1C,1
O=C(Nc1cccc(C(F)(F)F)n1)Nc1ccnc2ccc(F)cc12,1
N#Cc1c(NC(=O)c2cccc3ccccc23)sc2c1CCCN2C(=O)C1CC1,1
CN(C)c1ccc(CC2=c3ccccc3=NC2=O)cc1,1
Cc1ccc(NC(=O)c2ccc(CN3CCN(C)CC3)cc2)cc1Nc1nccc(-c2cccnc2)n1,1
CNC(=O)c1ccccc1Nc1cc(Nc2ccc(N3CCOCC3)cc2)ncc1C(F)(F)F,1
Cc1cnc(Nc2ccc(-n3cnc(N4CCOCC4)n3)cc2)cc1-c1ccn(C)n1,1
COC1CCC(C(=O)Nc2cc(-c3ccnc(Nc4ccc(F)cc4)c3)ccn2)CC1,1
O=C1NC(=O)C(c2c[nH]c3ccccc23)=C1c1nc(N2CCNCC2)nc2ccccc12,1
O=C(O)C=Cc1cc(Br)c(Br)c(Br)c1Br,1
NC(=O)c1ccccc1Nc1cc(Oc2cccc3ccccc23)ncc1C(F)(F)F,1
COc1cc(-c2cc(=O)c3cc(Cl)cc(Cl)c3o2)ccc1O,1
OC1CCC(c2[nH]ncc2-c2ccnc(NC3CCCC3)n2)CC1,1
COc1ccc(Nc2ncc3nc(Nc4ccccc4F)n(C4CCC(O)CC4)c3n2)cc1,1
CN(c1nccc(-c2cnc3ccccn23)n1)C1CCCCC1,1
O=Nc1c(O)n(Cc2ccccc2)c2ccc(Br)cc12,1
Cc1ncn(-c2ccc(Nc3cc(-c4nocc4-c4cn[nH]c4C)ccn3)cc2)n1,1
COc1ccc(-c2cccc3cnc(Nc4ccc(-n5cnc(C)n5)cc4)nc23)cc1F,1
COc1ccc(CN=C(C)C(C#N)C(N)=O)cc1OC,1
Cc1nc(C)n(-c2ccc(Nc3cc(-c4ccn(-c5cccc(C#N)c5)n4)ccn3)cc2)n1,1
CCc1ccc(-n2c(SCC(=O)Nc3cc(C)n[nH]3)nc3nncc-3c2O)cc1,1
c1ccc(-c2cnc3ccc4ccncc4c3c2)cc1,1
N#Cc1csc(NC(=O)Cc2cccc3cnccc23)c1-c1ncn[nH]1,1
CN(C)c1onc(-c2ccnc(Nc3ccc(N4CCOCC4)cc3)c2)c1-c1ccc(F)cc1,1
O=C(NC(CO)c1cccc(F)c1)C1C=C(c2[nH]ncc2-c2cccc(Cl)c2)C=N1,1
O=C(Cc1cccc2ccccc12)Nc1ccsc1-c1ncn[nH]1,1
c1cc2ccc3ncc(-c4ccc(-c5ccn[nH]5)cc4)cc3c2cn1,1
Cc1ncn(-c2ccc(Nc3cc(-c4nocc4-c4c(C)n[nH]c4C)ccn3)cc2)n1,1
Cn1cc(-c2ncco2)c(-c2ccnc(Nc3ccc(N4CCOCC4)cc3)c2)n1,1
COc1ccc(Nc2ncc3nc(Nc4ccccc4F)n(C4CCCCC4)c3n2)cc1,1
Cc1nc(CSc2nc3nncc-3c(O)n2-c2ccccc2)cs1,1
O=C(Nc1cc(-c2nnc(O)n2-c2ccc3ccccc3c2)ccn1)C1CC1,1
c1ccc(-c2cccc3cnc(Nc4ccc(-n5cnc(N6CCOCC6)n5)cc4)nc23)cc1,1
O=C(CN1C(=O)CCc2ccccc21)Nc1scc(Br)c1-c1ncn[nH]1,1
COC(=O)c1c(C)csc1NC(=O)Cc1ccc(-c2ccncc2)cc1,1
c1ccc2cc(-c3nc4ccccc4n3-c3ccnc(NC4CCOCC4)c3)ccc2c1,1
O=c1cc(N2CCNCC2)oc2c(-c3ccccc3)cccc12,1
Oc1ccc2c(c1)nc(-c1ccc3ccccc3c1)n2-c1ccnc(NC2CCOCC2)n1,1
NC(=O)c1ccccc1Nc1cc(Oc2cccc(Cl)c2)ncc1C(F)(F)F,1
CCCOc1ccc(Oc2cc(Nc3ccccc3C(N)=O)c(C(F)(F)F)cn2)cc1,1
COc1cc2ncc(-c3ccccc3)nc2cc1OC,1
O=C(NC(CO)c1ccc(C(F)(F)F)cc1)C1C=C(c2[nH]ncc2-c2cccc(Cl)c2)C=N1,1
CN(C)CC(=O)N1CCC(c2ccc(NC(=O)c3nc(C#N)c[nH]3)c(C3=CCCCC3)c2)CC1,1
Cc1n[nH]c(-c2c(C)csc2NC(=O)CN2C(=O)CCc3ccccc32)n1,1
CS(=O)(=O)Nc1ccc(-c2cnc3cccc(Nc4ccc(F)cn4)c3c2)cc1,1
NC(=O)c1ccc(NC2CCCCC2N)nc1Nc1cccc(Cl)c1,1
Cn1c(=O)c2c(-c3ccccc3)n3c4ccccc4ncc3c2n(C)c1=O,1
Cc1csc(NC(=O)CN2C(=O)CCc3ccccc32)c1-c1ncn[nH]1,1
Fc1ccc(-c2conc2-c2ccnc(Nc3ccc(N4CCOCC4)cc3)c2)cc1,1
CNC(=O)c1ccccc1Nc1cc(Nc2ccc(N3CCOCC3)cc2OC)ncc1C#N,1
Cc1ccc(-c2cccc3cnc(NC4CCC(O)CC4)nc23)cn1,1
Cc1ccc(Cn2c(O)c(N=O)c3ccccc32)cc1,1
CC(=O)N1CCC(C(=O)Nc2cc(-c3ccnc(Nc4ccccc4)c3)ccn2)CC1,1
O=C1NCc2cccc(Nc3ccnc(Nc4ccc(N5CCOCC5)cc4)c3)c21,1
Cc1nc(C)n(-c2ccc(Nc3cc(-c4ccn(C)n4)c(F)cn3)cc2)n1,1
O=C(Cn1c(=O)ccc2cnccc21)Nc1scc(Br)c1-c1ncn[nH]1,1
c1ccc2cc(-c3nc4ccccc4n3-c3ccnc(NC4CCOCC4)n3)ccc2c1,1
O=Nc1c(O)n(Cc2cc(F)cc3c2OCOC3)c2cc(C(F)(F)F)ccc12,1
N#Cc1csc(NC(=O)CN2C(=O)CCc3ccccc32)c1-c1ncn[nH]1,1
O=C(O)c1cccc(-c2[nH]nc3cc(Nc4ccccc4Cl)ccc23)c1,1
Fc1ccccc1Nc1cc(-c2ccnc(Nc3ccccc3F)c2)ccn1,1
COC(=O)c1sccc1NC(=O)Cc1ccccc1,1
Cc1ccc(C(=O)NC2CC2)cc1-c1ccc2c(-c3ccccc3C)nncc2c1,1
N#Cc1c(NC(=O)c2ccc(F)c3ccccc23)sc2c1CCCC2,1
CC(C)n1cc(-c2ccc3cnc(Nc4ccc(-n5cnc(N6CCOCC6)n5)cc4)nc3c2Cl)cn1,1
CC(C)Nc1cc(-c2oc3ccccc3c(=O)c2-c2ccc(F)cc2)ccn1,1
NC(=O)c1ccccc1Nc1nc(Nc2ccc(N3CCOCC3)cc2)ncc1Cl,1
O=C(NC(CO)c1cc(Cl)cc(Cl)c1)C1C=C(c2[nH]ncc2-c2cccc(Cl)c2)C=N1,1
COc1cc2c(cc1Cl)C(c1ccc3ccccc3c1)=NCC2,1
Cn1nc(N)c2cn(C3OC(CO)C(O)C3O)c3ncnc1c23,1
NCc1ccc(-c2cnc3[nH]cc(-c4cccc(NC(=O)Nc5ccc(C(F)(F)F)cc5F)c4)c3c2)cc1,1
NC(=O)c1cccc(-n2ncc3cc(Nc4ccccc4F)ccc32)c1,1
C=C1C(=Cc2c(O)[nH]c3ccc(S(=O)(=O)N(C)c4cccc(Cl)c4)cc23)CC(C)=C1C(=O)N1CCN(C)CC1,1
COc1ccc(CNC(=O)C2C=C(c3[nH]ncc3-c3cccc(Cl)c3)C=N2)cc1,1
CN(C(Cc1ccc(OS(=O)(=O)c2cccc3cnccc23)cc1)C(=O)N1CCN(c2ccccc2)CC1)S(=O)(=O)c1cccc2cnccc12,1
CCCNc1nccc(-c2c(-c3ccc(F)cc3)nc3n2C(COCc2ccc(OC)cc2)CC3)n1,1
CCn1ncc(-c2cc(C(O)Nc3ccccc3C(=O)OC)on2)c1C,1
NC(=O)c1ccccc1Nc1nc(Nc2ccc(Cl)cc2)ncc1Cl,1
OCCn1cc(-c2ccc3c(c2)CCC3=NO)c(-c2ccncc2)n1,1
CCCNc1nccc(-c2c(-c3ccc(F)cc3)nc3n2C(COCc2ccc(OC)cc2)CC3)n1,1
COc1cc2c(cc1Cl)C(c1cccc(C)c1)=NCC2,1
O=Nc1c(O)n(Cc2cc(F)cc3c2OCOC3)c2ccc(OC(F)(F)F)cc12,1
Cc1cccc(NC(=O)c2cccc(-n3ncc4cc(Nc5ccccc5C)ccc43)c2)c1,1
COc1ccc2c(N=O)c(O)n(Cc3cc(F)cc4c3OCOC4)c2c1,1
O=C(CCCc1ccc(-c2ccccc2F)cc1)Nc1ccc(O)cc1,1
O=C(Nc1cc(-c2ccnc(Nc3ccccc3)c2)ccn1)C1CCOCC1,1
CC(N)C1CCC(C(=O)Nc2ccncc2)CC1,1
COc1cc2c(cc1Cl)C(c1cccc(F)c1)=NCC2,1
COc1cc(Cn2c(O)c(N=O)c3cc(F)ccc32)cc(OC)c1,1
Cc1ccc(NC(=O)CCCCCC2NC(=O)NC2C)cc1,1
NC(=O)c1ccccc1Nc1cc(Oc2ccc(Cl)c(Cl)c2)ncc1C(F)(F)F,1
CC(C)c1onc(-c2ccc(F)cc2)c1-c1ccncc1,1
c1cncc(-c2ncn(-c3ccc(Nc4nccc(-c5cccc(N6CCOCC6)c5)n4)cc3)n2)c1,1
CC(C)(C)c1cnc(CSc2cnc(NC(=O)C3CCNCC3)s2)o1,1
O=c1[nH]c2ccccc2n1C1CCN(Cc2ccc(-c3nc4cc5[nH]cnc5cc4nc3-c3ccccc3)cc2)CC1,1
O=C(NC(CO)c1ccc(Cl)cc1)c1cc(-c2[nH]ncc2-c2cccc(Cl)c2)c[nH]1,1
O=c1ncn2nc(Sc3ccc(F)cc3F)ccc2c1-c1c(Cl)cccc1Cl,1
COc1ccc(Oc2ncc(Cl)c(Nc3ccccc3C(N)=O)n2)cc1,1
Cc1ncn(-c2ccc(Nc3cc(-c4nocc4-c4cn[nH]c4)ccn3)cc2)n1,1
NC(=O)c1cccc(-c2cc(Nc3ccc(OC(F)(F)F)cc3)ncn2)c1,1
O=C(NC(NC(=S)Nc1ccc(F)c([N+](=O)[O-])c1)C(Cl)(Cl)Cl)C(c1ccccc1)c1ccccc1,1
NC(=O)c1ccccc1Nc1cc(Oc2ccc(-n3cncn3)cc2)ncc1C(F)(F)F,1
NC1CCC(Nc2ncc3nc(Nc4c(F)cc(F)cc4F)n(C4CCCC4)c3n2)CC1,1
c1ccc2cc(-c3nc4ccccc4n3-c3ccnc(NC4CCCCC4)n3)ccc2c1,1
O=C(NOCc1ccccc1)c1cc(-c2[nH]ncc2-c2cccc(Cl)c2)c[nH]1,1
O=C(O)c1cnc2c(ccc3ccccc32)c1O,1
O=C(NCCN1CCOCC1)c1cccc(-n2ncc3cc(Nc4c(Cl)cccc4Cl)ccc32)c1,1
Cc1cc(C)c(C=C2C(=O)Nc3ccccc32)[nH]1,1
Oc1nnc(-c2ccnc(Nc3nccs3)c2)n1-c1ccc2ccccc2c1,1
Cc1ccccc1-c1c(N)c(C(=O)c2ccc(F)cc2F)cc[n+]1O,1
O=C(Cc1cccc2cnccc12)Nc1ccsc1-c1cscn1,1
O=C(c1ccc(Cn2c(=O)[nH]c3ccccc3c2=O)cc1)N1CCN(c2ccc(F)cc2)CC1,1
Cn1cc(-c2cn(C)nc2-c2ccnc(Nc3ccc(N4CCOCC4)cc3)c2)cn1,1
CNc1onc(-c2ccnc(Nc3ccc(N4CCOCC4)cc3)c2)c1-c1ccc(F)cc1,1
O=C1NN(c2ccc(Cl)c(Cl)c2)C(=O)C1=Cc1ccc(O)c([N+](=O)[O-])c1,1
c1cncc(-c2ccc3cnc(Nc4ccc(-n5cnc(N6CCOCC6)n5)cc4)nc3c2)c1,1
COc1cccc(C2=NOC(C(=O)Nc3ccc(C(C)=O)cc3)C2)c1,1
Nc1cc(-c2nnc(S)n2-c2ccc3ccccc3c2)ccn1,1
N#Cc1c(NC(=O)c2ccccc2Br)sc2c1CCCC2,1
O=C(Cn1c(=O)ccn2nc(C(F)(F)F)cc12)Nc1scc(Br)c1-c1ncn[nH]1,1
COc1cc2nccc(Oc3ccc(NC(=S)NC(=O)c4ccccc4C)cc3)c2cc1OC,1
COc1ccc(C=C(C#N)C#N)cc1,1
Cc1nc(C)n(-c2ccc(Nc3cc(-c4ccn(C)n4)c(Cl)cn3)cc2)n1,1
O=C1NC(=O)C2=C1c1cn(c3ccccc13)CCCc1cc(nc(N3CCCC3)c1)CCCn1cc2c2ccccc21,1
O=C1Cc2c([nH]c3ccc(Br)cc23)-c2ccccc2N1,1
CCc1ccc(-c2ccc3c(c2)-c2[nH]ncc2S(=O)(=O)N3C)cc1,1
CCN(CC)CCCCN1c2ccccc2Oc2ccc(Cl)cc21,1
CCOc1nc(NC(=O)Cc2cc(OC)c(S(C)(=O)=O)cc2OC)cc(N)c1C#N,1
CSc1nc(-c2ccc(F)cc2)c(-c2ccnc(NC3CCc4ccccc43)c2)[nH]1,1
Cn1cc(-c2ccc3cnc(Nc4ccc(-n5cnc(N6CCOCC6)n5)cc4)nc3c2Cl)cn1,1
NC(=O)c1ccccc1Nc1cc(Oc2ccc(N3CCNCC3)cc2)ncc1C(F)(F)F,1
NC(=O)c1ccccc1Nc1ccnc(Oc2ccc(N3CCNCC3)cc2)c1,1
CC(NC(=O)C1C=C(c2[nH]ncc2-c2cccc(Cl)c2)C=N1)c1ccccc1,1
Cc1ccc(-c2ncn(-c3ccc(Nc4ncc5ccc(-c6cn[nH]c6)cc5n4)cc3)n2)cn1,1
NC(=O)c1ccc(-c2nc(-c3ccc4c(c3)OCO4)c(-c3ccccn3)[nH]2)cc1,1
O=C(Cc1cccc2ncccc12)Nc1scc(Cl)c1-c1ncn[nH]1,1
COc1ccc2c(c[n+](C)c3c4cc5c(cc4ccc23)OCO5)c1OC,1
Cc1ncn(-c2ccc(Nc3cc(-c4nocc4-c4ccn[nH]4)ccn3)cc2)n1,1
O=C(NC(CO)c1ccccc1F)C1C=C(c2[nH]ncc2-c2cccc(Cl)c2)C=N1,1
CNC(=O)c1ccccc1Nc1cc(Nc2ccc(N3CCOCC3)cc2OC)ncc1C(F)(F)F,1
O=C(NCCN1CCOCC1)c1cccc(-n2ncc3cc(Nc4ccccc4Cl)ccc32)n1,1
CCn1c(Nc2ccccc2F)nc2cnc(Nc3ccc(OC)cc3)nc21,1
Nc1ncnc2c1c(-c1ccc(Oc3ccccc3)cc1)cn2C1CCCC1,1
COC(=O)c1c(C)csc1NC(=O)Cc1ccc(OC)cc1,1
O=C(Nc1cc(-c2ccnc(Nc3ccc(F)cc3)c2)ccn1)C1CCOC1,1
COc1cc(N2CCOCC2)ccc1Nc1ncc(Cl)c(Nc2ccccc2C(N)=O)n1,1
Oc1cc(-c2ccccc2F)nc2cc3c(cc12)OCO3,1
CCN(CC)CCNC(=O)c1c(C)[nH]c(C=C2C(=O)Nc3ccc(F)cc32)c1C,1
NS(=O)(=O)N1CCC(Nc2nccc(-c3ccc(S(=O)(=O)N4CCOCC4)cc3)n2)CC1,1
CS(=O)(=O)Nc1ccc(-c2cnc3cccc(Nc4ncccn4)c3c2)cc1,1
COCCCNC(=O)c1ccc(Cn2c(=O)[nH]c3ccccc3c2=O)cc1,1
C=CCN1CCN(c2c(Cl)cccc2NC(=O)c2csc(C)n2)CC1,1
NC(=O)c1ccccc1Nc1ccnc(Nc2ccc(N3CCOCC3)cc2)c1,1
COc1ccc(CC(=O)Nc2ccsc2-n2nccn2)cc1,1
O=C(C1CCC(Cn2c(=S)[nH]c3ccccc3c2=O)CC1)N1CCN(c2ccccc2)CC1,1
Cn1cc(-c2ccc3cnc(Nc4ccc(-n5cnc(N6CCOCC6)n5)cc4)nc3c2-c2ccccc2)cn1,1
N#Cc1c(NC(=O)c2ccccc2)sc2c1CCCC2,1
C=CCN1CCN(c2c(Cl)cccc2NC(=O)c2cccc(C)n2)CC1,1
Fc1ccc(-c2c(-c3ccnc(Nc4ccc(N5CCOCC5)cc4)c3)noc2N2CCOCC2)cc1,1
Cn1cc(-c2ccc3cnc(Nc4ccc(-n5cnc(N6CCOCC6)n5)cc4)nc3c2-c2cnn(C)c2)cn1,1
O=c1n(C2CCOC2)nc(-c2ccnc(NC3CCOCC3)c2)n1-c1ccc2ccccc2c1,1
O=C(O)CCCN1C(=O)C(=Cc2ccc(-c3ccc(Br)cc3)o2)SC1=S,1
COc1cc2c(cc1OC)C(c1cccc(Cl)c1)=NCC2,1
CC(C)(C)NS(=O)(=O)c1ccc(-c2cnc3cccc(Nc4ccc(Cl)cn4)c3c2)cc1,1
O=C1NC(=O)C(=Cc2ccc3c(c2)OC(F)(F)O3)S1,1
CC#Cc1ccc(C(=O)Nc2cccc(C)c2N2CCC3(CC2)OCCO3)o1,1
COC(=O)c1sccc1NC(=O)Cc1ccc(OC)cc1,1
COC(=O)c1c(C)csc1NC(=O)Cc1ccc(OCCCN2CCCCC2)cc1,1
Cn1cc(-c2ccc3nnc(Sc4ccc5ncccc5c4)n3n2)cn1,1
O=C(NC1CCNCC1)c1cccc(-c2n[nH]c3cc(Nc4ccccc4Cl)ccc23)c1,1
CC(C)N1CCN(c2c(Cl)cccc2NC(=O)c2ccc(Br)o2)CC1,1
N#Cc1ccc(NC(O)c2cc(-c3ccc(F)cc3)no2)cc1,1
CS(=O)(=O)Nc1ccc(-c2cnc3cccc(-c4ccncc4)c3c2)cc1,1
CS(=O)(=O)Nc1ccc(-c2cnc3cccc(Nc4cccc(Cl)n4)c3c2)cc1,1
CN(C)CC(=O)N1CCC(c2ccc(NC(=O)c3ncc(C#N)[nH]3)c(C3=CCCCC3)c2)CC1,1
O=C1c2ccccc2-c2n[nH]c3cccc1c23,1
C=S(O)(O)=CC(C)Nc1ncc2cc(Oc3ccc(F)cc3F)c(=O)n(C)c2n1,1
CC[n+]1c(C=CN(C)c2ccccc2)n(-c2ccccc2)c2ccc(-c3nc4ccccc4s3)cc21,1
CN(C)CCNC(=O)c1cccc(-c2n[nH]c3cc(Nc4ccccc4Cl)ccc23)c1,1
CS(=O)(=O)Nc1ccc(-c2cnc3cccc(Nc4ncc([N+](=O)[O-])s4)c3c2)cc1,1
N#Cc1ccc(Nc2ncc(Cl)c(Nc3ccccc3C(N)=O)n2)cc1,1
Cc1ccc2c(N=O)c(O)n(Cc3cc(F)cc4c3OCOC4)c2c1,1
Nc1n[nH]c2nc3ccccc3nc12,1
CCOc1nc(NC(C)=O)cc(N)c1C#N,1
O=Nc1c(O)n(Cc2cc(F)cc3c2OCOC3)c2ccc(Cl)cc12,1
CC(C)(C)n1nc(-c2ccc(Cl)cc2)c2c(N)ncnc21,1
CNC(=O)C(NC(=O)C1C=C(c2[nH]ncc2-c2cccc(Cl)c2)C=N1)c1ccccc1,1
Nc1cccc2ccc(-n3c(O)nnc3-c3ccnc(NC4CCOCC4)c3)cc12,1
COC(=O)c1cscc1NC(=O)Cc1cccc2ccccc12,1
CNC(=O)c1ccccc1Nc1cc(Oc2ccc(OC)cc2)ncc1Cl,1
CC(=O)c1ccc(NC(=O)C2CC(c3ccc(F)cc3)=NO2)cc1,1
Oc1nnc(-c2ccnc(NC3CCOCC3)c2)n1-c1ccc2cc(Br)ccc2c1,1
Cc1cc(NC(=O)c2cccc(-n3ncc4cc(Nc5ccccc5Cl)ccc43)c2)ccc1N1CCOCC1,1
O=c1n(C2CCOCC2)nc(-c2ccnc(NC3CCCCC3)c2)n1-c1ccc2ccccc2c1,1
O=C(Cc1cccc2ncc(F)cc12)Nc1scc(Br)c1-c1ncn[nH]1,1
O=C(O)CCCCCN1C(=O)C(=Cc2ccc(-c3ccc(Br)cc3)o2)SC1=S,1
CNC(=O)c1ccccc1Nc1cc(Nc2ccc3c(c2)OCO3)ncc1C(F)(F)F,1
O=C1Nc2cccnc2Sc2ccccc21,1
CCc1ccc2nccc(NC(=O)Nc3cccc(C(F)(F)F)n3)c2c1,1
O=C(c1ccc(Cn2c(=O)[nH]c3ccccc3c2=O)cc1)N1CCN(c2ccccc2)CC1,1
C=S(O)(O)=CCCOc1cccc2c1ccn2-c1ccnc(NC2CCC(C(=O)N3CCC(O)CC3)CC2)n1,1
O=C(Nc1nc2ccccc2n1CCN1CCOCC1)c1cccc([N+](=O)[O-])c1,1
CNC(=O)C(NC(=O)c1cc(-c2[nH]ncc2-c2cccc(Cl)c2)c[nH]1)c1ccccc1,1
c1ccc(-c2c[nH]c3ncnc(N4CCCCC4)c23)cc1,1
c1cc(-c2cc[nH]n2)cc(Nc2ccc(N3CCOCC3)cc2)n1,1
COCCNC(=O)c1sccc1NC(=O)Cc1ccccc1,1
COC(=O)c1n[nH]cc1NC(=O)Cc1cccc2ccccc12,1
Cc1cc2ncc(-c3ccccc3)nc2cc1C,1
CNC(=O)CN1CCCC(Nc2ncc(Cl)c(-c3c[nH]c4ccccc34)n2)C1,1
COc1ccc(Nc2ncc3nc(Nc4c(F)cccc4F)n(C4CCCC4)c3n2)cc1,1
CCC(Nc1cc(-c2[nH]c(SC)nc2-c2ccc(F)cc2)ccn1)c1ccccc1,1
Nc1ccccc1Nc1cc(-c2ccnc(Nc3ccccc3N)c2)ccn1,1
COC(=O)c1ncsc1NC(=O)Cc1cccc2cnccc12,1
CN(C)CCCC(=O)Nc1cc(C(=O)O)cc(-c2n[nH]c3cc(Nc4ccccc4Cl)ccc23)c1,1
COc1ccc2c(c1)nc(-c1ccc3ccccc3c1)n2-c1ccnc(NC2CCCCC2)n1,1
COc1ccc(Nc2ncc3nc(Nc4ccccc4F)n(C4CCC(N)CC4)c3n2)cc1,1
O=C(Cc1cccc2ncccc12)Nc1ccsc1-c1nnc[nH]1,1
O=Nc1c2nc3ccccc3n(O)c-2c2ccccc12,1
CN(C)CCCNC(=O)c1ccc2c(c1)CC(c1nc3ccc(-c4cn[nH]c4)cc3s1)CO2,1
CCCn1c(C2CCN(C)CC2)nc(-c2ccc(Cl)c(Cl)c2)c1-c1ccnc(NC2CC2)n1,1
Oc1ccc2c(c1)nc(-c1ccc3ccccc3c1)n2-c1ccnc(NC2CCCCC2)n1,1
O=C(NCCCn1cnc(-c2ccc(F)cc2)c1-c1ccncc1)c1ccccc1,1
COc1ccc(CCNc2nccc(C(C#N)c3nc4ccccc4s3)n2)cc1,1
Cc1nc(C)n(-c2ccc(Nc3cc(Nc4ccccc4C(N)=O)ccn3)cc2)n1,1
COc1ccc(CC(=O)Nc2scc(C)c2-c2nc(C)n[nH]2)cc1,1
O=C(Nc1cccc(Cl)c1N1CCN(CCc2ccccc2)CC1)c1ccc(Br)o1,1
O=C(Nc1ccc2n[nH]c(-c3cc4ccccc4s3)c2c1)C1CCOC1,1
O=C1Nc2ccccc2C1=Cc1c(Cl)[nH]c2ccccc12,1
c1ccc(-c2ccnc(Nc3ccc(-n4cncn4)cc3)n2)cc1,1
COc1ccccc1Oc1cc(Nc2ccccc2C(N)=O)c(C(F)(F)F)cn1,1
O=C(O)c1ccc2c3c1cccc3c(=O)n1c3ccccc3nc21,1
C=CCN1CCN(c2c(Cl)cccc2NC(=O)c2nc(Br)cs2)CC1,1
CN1CCN(c2c(Cl)cccc2NC(=O)c2ccc(Br)o2)CC1,1
Cn1ccc(-c2cc(Nc3ccc(-n4cnc(N5CCOCC5)n4)cc3)ncc2Cl)n1,1
CN1CCC(c2c(O)cc(O)c3c(=O)cc(-c4ccccc4Cl)oc23)C(O)C1,1
C=Cc1cccc2c1c(N=O)c(O)n2Cc1cc(F)cc2c1OCOC2,1
CCC=S(O)(O)=Nc1cccc(Nc2ccc3ncn(C)c(=O)c3c2)c1C#N,1
COC(=O)c1sccc1NC(=O)Cc1cccc2ncccc12,1
O=C(Cn1c(=O)ccc2c(C(F)(F)F)cccc21)Nc1scc(Br)c1-c1ncn[nH]1,1
CNC(=O)c1ccccc1Nc1cc(Nc2ccc(N3CCOCC3)cc2OC)ncc1Br,1
Cn1cc(-c2cnc(N)c3c(-c4ccc(NC(=O)Nc5cccc(F)c5)cc4)csc23)cn1,1
COC(=O)c1sccc1NC(=O)Cc1cccc2cnccc12,1
CC#CC(=O)Nc1cc2c(Nc3ccc(F)c(Cl)c3)ncnc2cn1,1
O=Nc1c(O)n(Cc2cc(F)cc3c2OCOC3)c2ccc(F)cc12,1
Oc1cccc(-c2nc(N3CCOCC3)c3oc4ncccc4c3n2)c1,1
O=C(NCCN1CCOCC1)c1cc(-n2ncc3cc(Nc4c(Cl)cccc4Cl)ccc32)ccn1,1
O=C(Cn1c(=O)ccc2cnc(C(F)(F)F)cc21)Nc1scc(Br)c1-c1ncn[nH]1,1
O=C(NCc1ccccc1)c1cc(-c2n[nH]cc2-c2cccc(Cl)c2)c[nH]1,1
CN(C)CCNc1onc(-c2ccnc(Nc3ccc(N4CCOCC4)cc3)c2)c1-c1ccc(F)cc1,1
Cc1cn(-c2cc(NC(=O)c3ccc(C)c(Nc4nccc(-c5cccnc5)n4)c3)cc(C(F)(F)F)c2)cn1,1
COc1ccc(Cl)cc1NC(=O)Nc1cc(C)nc2ccccc12,1
O=C(CN1C(=O)CCc2ncccc21)Nc1scc(Br)c1-c1ncco1,1
CCOc1ccc(Oc2cc(Nc3ccccc3C(N)=O)c(C(F)(F)F)cn2)cc1,1
COC(=O)c1cccc2c1-c1ccccc1C2=NO,1
COc1cc(-c2cc(=O)c3cc(Br)cc(Br)c3o2)cc(Cl)c1O,1
O=Nc1c(O)n(Cc2cc(F)cc3c2OCOC3)c2cc([N+](=O)[O-])ccc12,1
CCN(CC)S(=O)(=O)c1ccc2[nH]c(COC(=O)c3[nH]nc4ccccc34)nc2c1,1
C=CCn1c(SCC(=O)Nc2sccc2C(N)=O)nc2sc(C)c(C)c2c1=O,1
O=C(NC1c2ccccc2CC1O)c1cc(-c2[nH]ncc2-c2cccc(Cl)c2)c[nH]1,1
CCCn1cc(NC(O)c2cc(-c3cccc(Br)c3)no2)cn1,1
O=C(NCCCN1CCOCC1)c1ccc(-n2ncc3cc(Nc4ccccc4Cl)ccc32)cc1,1
O=C(Cc1cccc2ccccc12)Nc1ccsc1-c1ccn[nH]1,1
CNC(=O)c1ccccc1Nc1cc(Nc2ccc(N3CCOCC3)cc2OC)ncc1Cl,1
COc1cc2ncnc(Nc3ccc(OCc4ccccc4)cc3)c2cc1OC,1
CN(c1ncccc1CNc1nc(Nc2ccc3[nH]c(O)cc3c2)ncc1C(F)(F)F)S(C)(=O)=O,1
Oc1nnc(-c2ccnc(NC3CCOCC3)c2)n1-c1ccc2cccc(F)c2c1,1
c1cc(-n2cnc(N3CCOCC3)n2)ccc1Nc1ncc2ccc(-c3cn[nH]c3)cc2n1,1
O=C(O)CCN1C(=O)C(=Cc2ccc(-c3ccccc3F)o2)SC1=S,1
Cn1ccc(-c2nc(Nc3ccc(-n4cnc(N5CCOCC5)n4)cc3)ncc2Cl)n1,1
N#Cc1c(NC(=O)c2cccc3ccccc23)sc2c1CCCC2,1
COc1cc(S(C)(=O)=O)c(OC)cc1CC(=O)Nc1cc(N)c(C#N)c(OC(C)C)n1,1
Cc1cccc(NC(=O)Nc2ccc(-c3csc4c(C#CCCCCCCCCN)cnc(N)c34)cc2)c1,1
O=C(NCCCN1CCOCC1)c1cccc(-c2n[nH]c3cc(Nc4ccccc4Cl)ccc23)c1,1
CCNC(=O)N1CCC(Nc2nccc(-c3c(-c4ccccc4)[nH]c4ccccc34)n2)CC1,1
O=C(Cn1c(=O)ccn2nccc12)Nc1scc(Br)c1-c1ncn[nH]1,1
Sc1nnc(-c2ccnc(NC3CCCCC3)c2)n1-c1ccc2ccccc2c1,1
Cc1ccc(C(=O)NC2CC2)cc1-c1ccc2c(OC(C)C(F)(F)F)nncc2c1,1
COc1ccncc1-c1[nH]nc(O)c1N=Nc1ccccc1,1
NC(=O)c1ccsc1NC(=O)c1ccc(S(=O)(=O)N2CCCCC2)cc1,1
N#Cc1onc(-c2ccnc(Nc3ccc(N4CCOCC4)cc3)c2)c1-c1ccc(F)cc1,1
CCCc1cn(C)nc1-c1ccnc(Nc2ccc(-n3nc(C)nc3C)cc2)c1,1
O=C(c1cc(-c2n[nH]cc2-c2cccc(Cl)c2)c[nH]1)N1CCCC1,1
N#CC(C(=N)SC1C=CC=CC1)c1cccc(C(O)c2ccncc2)c1,1
c1ccc2cc(-c3ncncc3-c3ccncc3)ccc2c1,1
Oc1nnc(-c2ccnc(Nc3ccccn3)c2)n1-c1ccc2ccccc2c1,1
COc1ccc(COCC2CCc3nc(-c4ccc(F)cc4)c(-c4ccnc(N)n4)n32)cc1,1
COc1cccc(NC(=O)Nc2nnc(-c3ccncc3)s2)c1,1
O=Nc1c(O)n(Cc2ccc([N+](=O)[O-])cc2)c2ccccc12,1
COc1cc(N2CCN(C(C)C)CC2)ccc1Nc1nc(Nc2cccc(F)c2C(N)=O)c2cc[nH]c2n1,1
O=C1NC(=O)C(c2cn(CCCO)c3ncccc23)=C1c1cnccn1,1
CN(C)c1nc2ccc1CCCn1cc(c3ccccc31)C1=C(C(=O)NC1=O)c1cn(c3ccccc13)CC2,1
CC(=O)Nc1ccc(-c2cnc3ccc4ccncc4c3c2)cc1,1
Cc1ccc(-c2ncn(-c3ccc(Nc4cc(-c5ccn(C)n5)c(Cl)cn4)cc3)n2)cn1,1
Cn1sc(=O)n(Cc2ccccc2)c1=O,1
Clc1ccccc1Nc1ccc2c(-c3ccccc3)n[nH]c2c1,1
O=C(NC1c2ccccc2CC1O)C1C=C(c2[nH]ncc2-c2cccc(Cl)c2)C=N1,1
C#CCN1CCN(c2c(Cl)cccc2NC(=O)c2ccc(Br)o2)CC1,1
COc1cc2c(Oc3ccc(NC(=O)C4(C(=O)N=C5CC=C(F)CC5)CC4)cc3F)ccnc2cc1OCCCN1CCOCC1,1
Oc1cccc(-c2nc3ccccc3n2-c2ccnc(NC3CCCNC3)c2)c1,1
O=C(Cc1ccc(F)c2cnccc12)Nc1scc(Br)c1-c1ncn[nH]1,1
CNC(=O)CN1CCC(Nc2nccc(-c3cnc4ccccn34)n2)CC1,1
CC(=O)N1CCCCC1C(=O)Nc1cc(-c2ccnc(Nc3ccccc3)c2)ccn1,1
Clc1ccccc1Nc1ccc2c(-c3ccccc3)n[nH]c2c1,1
c1ccc2cc(-n3nncc3-c3ccncc3)ccc2c1,1
COc1cc(C=C2C(=O)NN(c3ccc(Cl)c(Cl)c3)C2=O)ccc1O,1
N#Cc1csc(NC(=O)CN2C(=O)CCc3ncccc32)c1-c1nccs1,1
COc1cc2c(cc1O)CC1c3cc(O)c(O)cc3CC3c4cc(O)c(O)cc4CC[N+]231,1
Cn1c(=O)c(Oc2ccc(F)cc2F)cc2cnc(NC3CCOCC3)nc21,1
Oc1nc2ncc(-c3ccc(-c4ncn[nH]4)cc3)nc2n1CCC1CCOCC1,1
COc1cc2ncnc(N3CCN(C(=O)Nc4ccc(Oc5ccccc5)cc4)CC3)c2cc1OC,1
Oc1onc(-c2ccnc(Nc3ccc(N4CCOCC4)cc3)c2)c1-c1ccc(F)cc1,1
CC(=O)c1ccc(N2CCOCC2)cc1O,1
COC(=O)N1CCC(n2nc(-c3ccnc(NC4CCOCC4)c3)n(-c3ccc4ccccc4c3)c2=O)CC1,1
CNC(=O)c1ccccc1Nc1cc(Nc2cc(OC)c(OC)c(OC)c2)ncc1C(F)(F)F,1
COC(=O)c1c(C)csc1NC(=O)Cc1cccc2cc[nH]c12,1
Fc1ccc(-c2c(-c3ccnc(Nc4ccc(N5CCOCC5)cc4)c3)noc2C2CC2)cc1,1
COC(=O)c1ccccc1NC(O)c1cc(-c2ccc(F)cc2)no1,1
N#Cc1csc(NC(=O)Cn2c(=O)ccc3cc(C(F)(F)F)ccc32)c1-c1ncco1,1
O=C(Nc1ccc(Cl)cc1)c1ccccc1NCc1ccncc1,1
Cc1cncc2cccc(S(=O)(=O)N3CCCN(C(=O)CN)CC3C)c12,1
O=C1NC(=O)C(=Cc2ccc(-c3ccc(F)cc3O)o2)S1,1
CCNc1ncc2nc(Nc3ccccc3F)n(C3CCCC3)c2n1,1
O=C(NCc1ccc(S(=O)(=O)N2CCC(n3nnc4ccccc43)CC2)s1)c1ccc(Cl)cc1,1
NC(=O)c1ccc(-c2nc(-c3ccccn3)c(-c3ccc4c(c3)OCCO4)[nH]2)cc1,1
O=C1C(Cl)=C(n2c(O)ccc2O)C(=O)c2ccccc21,1
Oc1ccc2c(c1)nc(-c1ccc3ccccc3c1)n2-c1ccnc(NC2CCOCC2)c1,1
COc1cc2c(cc1OC)C(c1ccc(Cl)c(Cl)c1)=NCC2,1
COc1ccc(OC)c2c(S)c3ccccc3nc12,1
CCn1cc(-c2cc(C(O)Nc3ccccc3C(=O)OC)on2)c(C)n1,1
CC(C)(C)NS(=O)(=O)c1ccc(-c2cnc3cccc(Nc4ccccn4)c3c2)cc1,1
Fc1ccc(-c2n[nH]cc2-c2ccnc(Nc3ccc(N4CCOCC4)cc3)c2)cc1,1
COC(=O)c1sccc1NC(=O)Cc1cccs1,1
c1cc(-c2cnn3cc(-c4ccc(OCCN5CCCCC5)cc4)cnc23)ccn1,1
CCNC(=O)N1CCC(Nc2ncc(C)c(-c3c[nH]c4ccccc34)n2)CC1,1
Fc1ccc(-c2c(-c3ccnc(Nc4ccc(N5CCOCC5)cc4)c3)noc2NCc2ccccc2)cc1,1
Nc1ccc2cc(-n3c(-c4ccnc(NC5CCOCC5)c4)n[nH]c3=O)ccc2c1,1
CNC(=O)c1ccccc1Nc1cc(Nc2ccc3ccccc3c2)ncc1C(F)(F)F,1
COc1ccc(Oc2cc(Nc3c(Cl)cccc3C(N)=O)c(C(F)(F)F)cn2)cc1,1
c1ccc2c(-c3ccncc3)c[nH]c2c1,1
COc1cc(Nc2ncc(Cl)c(Nc3ccccc3C(N)=O)n2)ccc1N1CCOCC1,1
CCCN1CCN(c2c(Cl)cccc2NC(=O)c2ccc(Br)o2)CC1,1
COc1ccc2nc(-c3ccc4ccccc4c3)n(-c3ccnc(NC4CCCN(C(=O)C5CC5)C4)n3)c2c1,1
O=C(c1ccccc1)c1ccc(N2CCOCC2)cc1O,1
C=C(C)CN1CCN(c2c(Cl)cccc2NC(=O)c2ccc(Br)o2)CC1,1
NC(=O)c1ccccc1Nc1cc(Oc2ccc(OC(F)(F)F)cc2)ncc1C(F)(F)F,1
CCC1CC(=N[SH](O)(O)=C2CC2)CC1c1ncc2cnc3[nH]ccc3n12,1
NC(=O)c1ccc(Nc2nccc(-c3ccccc3)n2)cc1,1
O=C(Cn1c(=O)ccc2nc(C(F)(F)F)ccc21)Nc1scc(Br)c1-c1ncn[nH]1,1
O=S(=O)(c1cccc2cnccc12)N1CCCNCC1,1
N#CC(c1ccnc(NCCc2ccc(S(N)(=O)=O)cc2)n1)c1nc2ccccc2s1,1
Oc1nnc(-c2ccnc(NC3CCCC3)c2)n1-c1ccc2ccccc2c1,1
CC(=O)N1CCN(c2c(Cl)cccc2NC(=O)c2ccc(Br)o2)CC1,1
C=CCN1CCN(c2c(Cl)cccc2NC(=O)c2cscn2)CC1,1
Cn1cc(-c2ccc3cnc(Nc4ccc(-n5cnc(-c6ccccn6)n5)cc4)nc3c2)cn1,1
O=C(Cc1cc(F)cc2ncccc12)Nc1scc(Br)c1-c1ncn[nH]1,1
CN(C)c1cc2cc(n1)CCCn1cc(c3ccccc31)C1=C(C(=O)NC1=O)c1cn(c3ccccc13)CCC2,1
CCCNc1nccc(-c2c(-c3ccc(F)cc3)nc3n2C(CO)CC3)n1,1
Fc1ccccc1Nc1nc2cnc(NC3CCCCC3)nc2n1C1CCCC1,1
COc1ccc(Nc2ncc(Cl)c(Nc3ccccc3C(N)=O)n2)cc1,1
COc1cc(Cn2c(O)c(N=O)c3ccccc32)cc(OC)c1,1
CNC(=O)c1ccccc1Nc1cc(Nc2ccc(N3CCOCC3)cc2OC)ncc1F,1
COc1ccc(CNc2nc(N(CCO)CCO)nc3c2ncn3C(C)C)cc1,1
CNc1nccc(C(C#N)c2nc3ccccc3s2)n1,1
Fc1ccc(-c2nc3n(c2-c2ccnc(NC4CCC4)n2)C(Cn2ccnc2)CC3)cc1,1
O=C1c2ccccc2C(=O)C1c1ccncc1,1
COc1ccc(Oc2cc(Nc3ccc(F)cc3C(N)=O)c(C(F)(F)F)cn2)cc1,1
CNC1CC2OC(C)(C1OC)n1c3ccccc3c3c4c(c5c6ccccc6n2c5c31)C(=O)NC4,1
NC(=O)c1ccccc1Nc1cc(Oc2ccc(F)cc2)ncc1C(F)(F)F,1
Oc1ccc(-c2cnc3ccc4ccncc4c3c2)cc1,1
CCOC(=O)N1CCC(Nc2ncc(Cl)c(-c3c[nH]c4ccccc34)n2)CC1,1
CN(C)c1c(-c2ccnc(NC3CCC(O)CC3)n2)cnn1Cc1ccccc1,1
CCNC(=O)N1CCCC(Nc2ncc(Cl)c(-c3c[nH]c4ccccc34)n2)C1,1
Cc1ccc(-c2cccc3cnc(Nc4ccc(C(=O)N5CCOCC5)cc4)nc23)cn1,1
COc1cc(N2CCOCC2)ccc1Nc1cc(Nc2ccccc2C(N)=O)ccn1,1
Cc1nc(C)n(-c2ccc(Nc3cc(-c4ccn(-c5ccccn5)n4)ccn3)cc2)n1,1
Cc1n[nH]c(-c2c(C)csc2NC(=O)Cc2ccc(-c3ccncc3)cc2)n1,1
O=Nc1c(O)n(Cc2cc(F)cc3c2OCOC3)c2cc(-c3ccccc3)ccc12,1
CC12OC(CC1(O)CO)n1c3ccccc3c3c4c(c5c6ccccc6n2c5c31)CNC4=O,1
COc1ccc(N2CCN(C(C)C)CC2)cc1Nc1nc(Nc2cccc(F)c2C(N)=O)c2cc[nH]c2n1,1
O=[N+]([O-])C=Cc1ccc2c(c1)OCO2,1
O=c1n(Cc2ccccn2)nc(-c2ccnc(NC3CCOCC3)c2)n1-c1ccc2ccccc2c1,1
COc1cc2c(cc1Cl)C(c1cccc(Br)c1)=NCC2,1
CC(=O)Nc1cc(-c2nnc(O)n2-c2ccc3ccccc3c2)ccn1,1
O=C(O)c1ccc(Nc2ncc3c(n2)-c2ccc(Cl)cc2C(c2c(F)cccc2F)=NC3)cc1,1
COC(=O)c1cnccc1NC(=O)Cc1cccc2ccccc12,1
CCOc1ccc(NC(=O)c2cccc(-n3ncc4cc(Nc5ccccc5F)ccc43)c2)cc1OC,1
COC(=O)c1c(-c2ccccc2)c2cc(Br)ccc2c(=O)n1Cc1ccc(S(C)(=O)=O)cc1,1
COc1ccc(Oc2cc(Nc3cc(F)ccc3C(N)=O)c(C(F)(F)F)cn2)cc1,1
Oc1ccc(-c2nc(-c3ccc(F)cc3)c(-c3ccncc3)[nH]2)cc1,1
COCCNC(=O)C1CCC(Cn2c(=S)[nH]c3ccccc3c2=O)CC1,1
CNC(=O)c1ccccc1Nc1ccnc(Nc2ccc(N3CCOCC3)cc2)c1,1
C=CCN1CCN(c2c(Cl)cccc2NC(=O)c2ccc(Br)o2)CC1,1
Cc1ncn(-c2ccc(Nc3nccc(-c4cccc(N5CCOCC5)c4)n3)cc2)n1,1
CC(=O)Nc1cc(N)c(C#N)c(-c2ccccc2)n1,1
c1cc(-c2nocc2C2CC2)cc(Nc2ccc(N3CCOCC3)cc2)n1,1
O=C(NCCCN1CCCC1=O)c1cnccc1Nc1nc(-c2cc(Br)ccc2F)nc2nccnc12,1
O=C(O)c1ccc(-c2n[nH]c3cc(Nc4ccccc4Cl)ccc23)cc1,1
c1ccc2cc(-c3nc4ccccc4n3-c3ccnc(NC4CCCNC4)n3)ccc2c1,1
COc1cc(NC(O)c2cc(-c3cccc(OC)c3OC)no2)cc(OC)c1OC,1
O=C(Nc1cc(-c2ccnc(Nc3ccccc3)c2)ccn1)C1CCOC1,1
CCC(CO)Nc1nc(N=C(N)N)c2ncn(C(C)C)c2n1,1
C[SH](=O)(O)N=C1CCC(Nc2nccc(-n3nnc4ccccc43)n2)CC1,1
Oc1nnc(-c2ccnc(NC3CC3)c2)n1-c1ccc2ccccc2c1,1
NCCCn1cc(-c2cc(-c3cc4ccccc4s3)c3[nH]ncc3c2)c2nc(N)ncc21,1
OC1CCC(Nc2cc(Cl)nc(-c3c[nH]c4ncccc34)n2)CC1,1
c1ccc(-c2[nH]ncc2-c2ccnc3ccccc23)nc1,1
Fc1ccc(Nc2cc(-c3ccnc(Nc4ccc(F)cc4)c3)ccn2)cc1,1
Cc1ncn(-c2ccc(Nc3cc(-c4nocc4C)ccn3)cc2)n1,1
N#Cc1csc(NC(=O)Cc2cccc3ncccc23)c1-c1ncn[nH]1,1
COc1cc(C=C2C(=O)NN(c3ccc(C#N)cc3)C2=O)ccc1O,1
Sc1nnc(-c2ccnc(NCC3CC3)c2)n1-c1ccc2ccccc2c1,1
COC(=O)c1cccc(NC(=O)CN2CCC(NC(=O)c3cc(OC)c(OC)c(OC)c3)CC2)c1,1
NC(=O)c1ccc2[nH]c(-c3ccc(Oc4ccc(Cl)cc4)cc3)nc2c1,1
Cc1ncn(-c2ccc(Nc3nccc(-c4cc(C#N)cc(N5CCOCC5)c4)n3)cc2)n1,1
Cc1n[nH]c(-c2sccc2NC(=O)Cc2cccc3ccccc23)n1,1
OC1CCC(Nc2ncc3nc(Nc4ccccc4F)n(C4CCCC4)c3n2)CC1,1
Cn1cc(-c2ccnn2C)c(-c2ccnc(Nc3ccc(N4CCOCC4)cc3)c2)n1,1
Cc1ccc(-c2csc3ncnc(SCCC(=O)O)c23)cc1,1
Cc1cc(NC(=O)c2cccc(NC(=O)C=CCN(C)C)c2)ccc1Nc1nccc(-c2cccnc2)n1,1
COc1cc2c(cc1Cl)C(c1cccc(Cl)c1)=NCC2,1
O=C(Cn1c(=O)ccc2cc(C(F)(F)F)ccc21)Nc1scc(Br)c1-c1ncn[nH]1,1
COC(=O)c1ccc2c(N=O)c(O)n(Cc3cc(F)cc4c3OCOC4)c2c1,1
O=C(NC(CO)c1ccc(F)c(F)c1)c1cc(-c2[nH]ncc2-c2cccc(Cl)c2)c[nH]1,1
NC(=O)c1ccsc1NC(=O)CSc1nc2ccccc2c(=O)n1CCCO,1
Cn1cc(-c2ccc3cnc(Nc4ccc(-n5cnc(N6CCOCC6)n5)cc4)nc3c2)cn1,1
c1ccc2cc(-c3cnnn3-c3ccncc3)ccc2c1,1
COC1CC2CCC(C)C(O)(O2)C(=O)C(=O)N2CCCCC2C(=O)OC(C(C)CC2CCC(O)C(OC)C2)CC(=O)C(C)=CC(C)C(O)C(OC)C(=O)C(C)CC(C)C=CC=CC=C1C,1
O=C(NCCCN1CCOCC1)c1cccc(-n2ncc3cc(Nc4ccccc4F)ccc32)c1,1
O=C(Nc1cccc(Cl)c1N1CCN(Cc2ccccc2)CC1)c1ccc(Br)o1,1
COc1cc2c(N3CCN(C(=O)Nc4ccc(OC(C)C)cc4)CC3)ncnc2cc1OCCCN1CCCCC1,1
O=C(Nc1cc(-c2ccnc(Nc3ccccc3)c2)ccn1)c1cccnc1,1
Cc1ccc(N=C2CC(=O)c3sc(C)nc3C2=O)cc1,1
O=C1NC(=O)C(c2cn(CCCn3ccnc3)c3ccccc23)C1=Nc1ccccc1,1
CCC1C(=O)N(C)c2cnc(Nc3ccc(C(=O)NC4CCN(C)CC4)cc3OC)nc2N1C1CCCC1,1
COc1ccc(Nc2ncc3nc(Nc4ccccc4F)n(C4CCCC4)c3n2)cc1,1
O=C(c1ccc(C=Cc2[nH]nc3ccccc23)cc1)N1CCNCC1,1
COc1cc(Nc2cc(Nc3ccccc3C(N)=O)ccn2)ccc1N1CCOCC1,1
c1ccc2cc(-c3n[nH]cc3-c3ccncc3)ccc2c1,1
O=Nc1c(O)n(Cc2cccc(C(F)(F)F)c2)c2ccccc12,1
O=C(Nc1cc(-c2ccnc(Nc3ccc(F)cc3)c2)ccn1)C1CCOCC1,1
CNC(=O)c1ccccc1Nc1cc(Nc2ccc(N3CCOCC3)c(C)c2)ncc1C(F)(F)F,1
Nc1nc(Nc2ccc(S(N)(=O)=O)cc2)nn1C(=O)c1c(F)cccc1F,1
COC1CCC(C(=O)Nc2cc(-c3ccnc(Nc4ccc(F)cc4)c3)ccn2)CC1,1
O=C(c1ccco1)N1CCN(CC=Cc2ccccc2)CC1,0
Cc1nc2sc(C#N)c(N)c2c2c1CCCC2,0
O=C1CN(C(=O)COC(=O)C23CC4CC(CC(O)(C4)C2)C3)c2ccccc2N1,0
O=C(NCc1cccs1)NC(Cc1ccccc1)C(=O)O,0
O=C(CSc1nn(-c2ccccc2)c(=S)s1)Nn1cnnc1,0
CCOC(=O)N1CCC(NC(=O)c2cc3c(=O)n(C)c4ccccc4c3n2C)CC1,0
Cc1ccc(C)c(NC(=O)C2=C(C(=O)O)CCCC2)c1,0
O=C(CCn1nc(-c2ccc(Cl)cc2)ccc1=O)NCc1ccccn1,0
O=C(CN1CCN(C(=O)c2ccccc2)CC1)Nc1ccc(Br)cn1,0
NC1=NC2(CCN(Cc3ccccc3)CC2)n2c(nc3ccccc32)N1,0
Cc1cccc(NC2(C(F)(F)F)N=C3SCCN3C2=O)n1,0
Cc1ccc(C=S(O)(O)=CCC(=O)NCc2cccs2)cc1,0
CC(=O)c1c(O)c(O)n(CCN(C)C)c1-c1ccc(Cl)cc1,0
CCOCCOC(=O)C1=C(C)N(C)C(=O)NC1c1cc(Cl)c(O)c(OCC)c1,0
Oc1ccc(C(c2nnnn2C2CCCC2)N2CCc3ccccc3C2)cc1,0
CCOC(=O)C1=C(c2ccncc2)C(C(=O)OCC)C(=N)OC1C,0
CCc1cc(C(=O)Nc2ccccc2)cs1,0
O=C(c1ccccc1NS(=O)(=O)c1cccs1)N1CCOCC1,0
Cc1cc(C)c2c3c(sc2n1)C(=O)N(C)CC(=O)N3,0
COc1ccc(NC(O)c2cc(O)n(-c3cccc(C)c3C)c2)cc1,0
O=C(NCc1cn2ccsc2n1)Nc1ccc(Cl)cc1,0
CC1(C)CC2(CCO1)OC(=O)CC2C(=O)NCCc1ccccc1,0
Cc1ccc2c(c1)CC1(CN2C)C(=O)NC(=O)N(C(C)C)C1=O,0
CN(C)C(=O)Nc1cccc(OC(=O)N(C)C)c1,0
Cc1cc2c(cc1C)NC1(C(=O)Nc3ccccc31)C1C(=O)CC(C)(C)C=C1N2,0
Cc1cccc(C(=O)NC2CCN(CC(=O)N3CCOCC3)CC2)c1,0
O=C(OCC(=O)N1CCN(C(=O)c2ccco2)CC1)c1ccccc1Cc1ccccc1,0
CNC(=O)CSc1nnc(-c2cc(C)cc(C)c2)o1,0
COc1ccc(C)cc1NC(=O)CSc1nnnn1Cc1ccccc1,0
CCCN1C(=O)C(C(=O)Nc2ccccc2C(=O)OCC)C(=O)c2ccccc21,0
O=C(CN1C(=O)c2ccccc2S1(=O)=O)N1CCc2ccccc2C1,0
Cc1ccc(Oc2ccc(-c3nc(N)nc(N)n3)cc2)cc1,0
CCc1c(C(=O)Nc2nnc(C3CC3)s2)csc1C,0
Cc1nc2ccc(F)cc2c(O)c1SC(F)(F)C(F)F,0
CCCn1nnc(NC(=O)c2cccc(OCC)c2)n1,0
CCc1nnc(SCC(=O)Nc2ccccc2C(=O)OC)[nH]1,0
COc1ccc(C2NC(=O)CS2)cc1OC,0
O=C(Cc1ccc(S(=O)(=O)N2CCCC2)s1)Nc1nc2c(s1)CCCC2,0
COc1cccc(-c2cc(C(O)NCCN3CCOCC3)on2)c1,0
Cn1c(Cn2c(=O)sc3ccccc32)nnc1SCC(=O)NC1CCCCC1,0
CS(O)=CSc1nc2c(cc1C#N)CCCC2,0
COc1cccc(C2CC(c3cccc(OC)c3)n3nc(N)nc3N2)c1,0
Cc1ccc(-c2nnc3c4ccccc4c(C)nn23)cc1S(=O)(=O)N1CCN(CCO)CC1,0
CCCc1nn(C)c2c1C(c1cccnc1)C(C#N)C(=N)O2,0
COc1ccccc1NC(=O)Cn1nnc(C(=O)Nc2ccccc2)c1N,0
COC(=O)N1CC(c2ccccc2)CC1=O,0
COC(=O)c1c(NC(=O)Cc2cccs2)sc2c1CCC(C)C2,0
COc1ccc(N2C(=O)C3CCCN3C2c2ccccc2)cc1Cl,0
CN1C(=O)CC(=NC(=O)c2ccc(C(C)(C)C)cc2)N(C)C1=O,0
CCOc1cc(C)c(C(C)C)cc1S(=O)(=O)N1CCN(C)CC1,0
O=C(NCCc1ccc(Cl)cc1)C1CCCN(S(=O)(=O)c2cnc[nH]2)C1,0
COc1ccc(-c2c(C(=O)c3ccccc3)c(O)c(O)n2CCN2CCOCC2)c(OC)c1,0
NC(CC(=O)Nc1cccc(C(F)(F)F)c1)=NO,0
COC1(OC)N=C(N)C2(C#N)C(c3ccc(F)cc3)C12C#N,0
CC(C)C=C1CCCCC1N(C)C(=O)NC(C)C,0
Cc1cccn2c(=O)c3cc(C(=O)NCCN4CCOCC4)c(=N)n(CCc4ccccc4)c3nc12,0
Cc1ccc(OCCOCCn2ccnc2)c(Br)c1,0
CCc1cc2c(=O)c(-c3cnn(-c4ccccc4)c3)coc2c(CN2CCOCC2)c1O,0
CCOc1ccc(-c2c(C#N)c(N)nc3c2c(=O)n(C)c(=O)n3C)cc1OC,0
Cc1ccc(OCCCC(=O)N2CCOCC2)c(C)c1,0
CC(=O)N1CCN(CCN=CC2C(=O)CC(C)(C)CC2=O)CC1,0
COC(=O)COc1cccc(NC(=O)c2ccccc2)c1,0
COCCCNC(=O)CCCn1c(=O)[nH]c2ccccc2c1=O,0
N#CC1=C2SCN(c3ccccc3)CN2C(=O)CC1c1ccccc1Cl,0
Cc1ccc(OCCNS(=O)(=O)c2cccs2)cc1,0
O=C(CSc1nnc(Cc2cc(O)nc(O)n2)n1-c1ccc(F)cc1)NC1CCCC1,0
CS(=O)(=O)N1CCCC(C(=O)NCCCN2CCOCC2)C1,0
COc1ccc(-c2[nH]nc3c2C(c2ccc(OC(=O)N4CCOCC4)cc2)C(C#N)C(=N)O3)cc1,0
COC(=O)c1ccc(CSc2nnc3ccccn23)o1,0
Cc1ccc(Cl)cc1N1CCN(Cc2nnnn2C2CCCCC2)CC1,0
Cc1ccc(-c2nn3c(C)nnc3s2)cc1NC(=O)c1ccc(Br)o1,0
COC(=O)C(=NC(=O)c1ccccc1)C1=CC(C)OC(C)=C1,0
CCN1CCN(CCCn2c(=S)[nH]c3ccccc3c2=O)CC1,0
O=C(CSC1=NCCS1)N1CCCC1,0
CCCCN(CCCC)c1nc2ccccc2nc1C(C#N)C(=O)NCCCOC,0
COc1ccc(OC)c(NC(=O)CCN2CCCCC2)c1,0
CC(=O)N(C1=CC=S(O)(O)=C1)c1cccc(Br)c1,0
c1ccc(C(Cc2nc(-c3ccncc3)no2)c2ccccc2)cc1,0
C[SH](=O)(O)N=CCOc1ccc(S(=O)(=O)N2CCCc3ccccc32)cc1,0
O=C(NCc1nc2ccccc2[nH]1)c1cc2ccccc2oc1=O,0
O=C(NCCc1ccccc1)c1ncn[nH]1,0
CS(=O)(=O)N1CCCC(C(=O)NCc2cccs2)C1,0
CCn1c(SCc2ccc(C#N)cc2)nnc1-c1cccc(Cl)c1,0
CC1=C(C(=O)Nc2ccccc2C)C(c2cccnc2)N2NC(CCCO)=NC2=N1,0
CC(C)OC(=O)CN1C(=O)c2ccccc2C1=O,0
COc1cc(NC(=O)C(C)C)ccc1NC(=O)c1ccco1,0
CC(C)(C)NC(=O)C1CCCN(S(=O)(=O)c2cccc3cccnc23)C1,0
CC(C)(C)c1nc(CN2CCOCC2)ccc1O,0
O=C(COc1ccc(-n2cnnn2)cc1)NC(=O)NCc1ccccc1,0
Cc1scc(C(=O)NCc2ccco2)c1-c1ccccc1,0
CCCCc1ccc(-c2ccc(C)cc2O)nc1,0
Cc1[nH]c2c(C(F)(F)F)cccc2c1CCN,0
c1ccc(Cc2ccc(OCCn3cncn3)cc2)cc1,0
COc1ccccc1-n1c(O)nc2c(C(N)=O)nc(-c3cccnc3)nc21,0
Cc1cc(NC(=O)CSc2nc(-c3ccc(F)cc3)cs2)no1,0
Cn1c(=O)n(C)c2cc(CN3C(=O)OC(C)(C)C3(C)O)ccc21,0
O=S(=O)(NCCOCCNS(=O)(=O)c1ccccc1)c1ccccc1,0
Cc1ccc(OCC(=O)Nc2cccc(C)n2)c(C)c1,0
Oc1ccccc1-c1cc(C(O)NCCc2ccccc2)on1,0
COCCn1c(COC)nc2ccccc21,0
CC(=O)NC1=NC(=O)C(=CN2CCCCC2)S1,0
O=C1c2ccccc2C(=O)N1Cc1nc2ccccc2o1,0
O=C(COC(=O)C1CCCC1)c1ccc(OC(F)F)cc1,0
C=CCc1cc(C=Nn2cnnc2)cc(OCC)c1O,0
COc1ccc(S(=O)(=O)N2CCN(C(=O)C3CCC(=O)N3c3oc(O)c4ccccc34)CC2)cc1,0
COc1ccc(OC)c(NC(=O)C2CCCC2)c1,0
CC(C)CN1C(=O)c2ccc(C(=O)Nc3nccs3)cc2C1=O,0
CN(C(=O)c1cc2n(n1)C(C(F)(F)F)CC(c1ccco1)N2)c1ccccc1,0
CCOc1ccc(NC(=O)c2cc3n(n2)C(C(F)(F)F)CC(c2ccco2)N3)cc1,0
CC1CCc2nn(CC(=O)NC3CCCC3)cc2C1,0
O=C(c1ccc(-c2cccc(C(F)(F)F)c2)o1)N1CCOCC1,0
CN(C)CCN(Cc1ccccc1)c1ccccn1,0
O=C(CC(C(=O)O)C1CCCO1)NCc1ccccc1,0
Cn1c(-c2ccccc2)cnc1SCC(N)=O,0
CCOCCn1c(-c2ccc(OC)cc2)nc2ccccc21,0
O=C1c2ccccc2C(=O)N1CCCCn1c(=O)oc2ccccc21,0
O=C(NCc1ccco1)c1cnccn1,0
Cc1cc(C)cc(-n2cc(C3Nc4ccccc4N3C)cc2O)c1,0
CCOc1ccc(N2CSC3=C(C#N)C(c4ccccc4Cl)CC(=O)N3C2)cc1,0
O=C(O)CSCNC(=O)CC12CC3CC(CC(C3)C1)C2,0
CCN(CC)C(=O)Oc1ccccc1NC(C)=O,0
COc1ccccc1NC(=O)C1C2C=CC3(CN(Cc4cccnc4)C(=O)C13)O2,0
Cc1ccc(-n2nnnc2SCC(=O)C2C(=N)N(CC(C)C)C(=O)N(C)C2=O)cc1,0
CCCCCCn1ccc(=N)cc1,0
O=S(=O)(c1ccccc1)c1nc(-c2ccco2)oc1NCc1ccco1,0
O=C1c2ccccc2C(=O)C1c1nccc2ccccc12,0
CCCCCOc1ccc(OC(=O)c2ccncc2)cc1,0
Cc1c(N=CCC(=O)c2cccs2)c(=O)n(-c2ccccc2)n1C,0
Cc1ccc(C(=O)CSc2nnc(COc3cc(C)cc(C)c3)o2)cc1,0
OC1CCCN(Cc2cccc3ccccc23)C1,0
COc1ccccc1OCc1nnc(SCC(=O)c2cc(Cl)ccc2OC)o1,0
CN1C(=O)NC(c2ccccc2)c2c1cn(-c1cccc(C(F)(F)F)c1)c2O,0
CCOCCc1nnc(NC(=O)CN2C(=O)c3ccccc3C2=O)s1,0
COC(=O)Nc1ccc2c(c1)N(C(=O)CCN1CCN3CCCC3C1)c1ccccc1CC2,0
Cc1ccc(Cn2nnnc2CN2CCC(O)(c3ccc(F)cc3)CC2)cc1,0
CCOC(=O)C(CC)Sc1ncnc2c1nnn2-c1ccc(F)cc1,0
CCN(Cc1cc2ccccc2nc1O)S(=O)(=O)c1ccccc1,0
O=C(OCc1ccc(F)cc1Cl)c1ccccn1,0
Cc1ccc(N2C(=O)N=CC(C(=O)N3CCc4ccccc43)C2=O)cc1,0
CCNS(=O)(=O)c1c(C)cc(N2CCCC2=O)cc1C,0
O=C(Nn1cnnc1)C1Cc2ccccc2CN1S(=O)(=O)c1ccc(F)cc1,0
O=C(OCc1nnc(-c2ccccc2)o1)c1ccc2c(c1)C(=O)N(CCc1ccccc1)C2=O,0
COC(=O)C1Sc2nc(O)sc2C(c2ccc(Cl)cc2)C1C(=O)OC,0
O=C(O)CCc1nn2c3ccccc3nc2n(-c2ccccc2)c1=O,0
Cc1cc(NC(=O)CSC2=NC3=CC(C)SC3C(=O)N2Cc2ccccc2)no1,0
c1ccc(OCc2nn3c(Cn4cnc5ccccc54)nnc3s2)cc1,0
Cc1noc(C)c1C(=O)Nc1ccc2c(c1)CCC2,0
COc1cccc(-c2cc(N)nn2C(=O)Nc2ccc(Cl)cc2)c1,0
CC(C)CN(C(=O)CSc1nnc2c(Cl)cc(C(F)(F)F)cn12)C1C=S(O)(O)=CC1,0
CN(C)S(=O)(=O)Nc1ccccc1C(N)=O,0
CC(=O)C(C(=N)N1CCN(Cc2ccccc2)CC1)C(C)=O,0
CC(C)[N+]1(C)C2CCC1CC(OC(=O)C(CO)c1ccccc1)C2,0
C=CCNc1nc(C)nc(OC)n1,0
O=P1(Nc2cccnc2)COc2ccccc2OC1,0
COc1cc(-c2cc(OC)c3c(C)oc(C)c3c(=O)c2)ccc1O,0
Cc1cc(C(=O)NCCC2=CCCCC2)no1,0
O=C(CSc1nnc(-c2cccs2)n1CC1CCCO1)c1cc2ccccc2o1,0
CC1CCN(c2ccc(C(=O)O)cc2)CC1,0
CCn1c(CSc2nc(C)cc(C)n2)nnc1SCC(=O)Nc1nc(-c2ccccc2)cs1,0
COc1ccccc1C(=O)NCC(=O)n1nc(C)cc1C,0
Oc1ccc(Br)cc1C=NC1C=S(O)(O)=CC1,0
CCN(CC)S(=O)(=O)c1cccc(S(=O)(=O)c2cccc(S(=O)(=O)N(CC)CC)c2)c1,0
CCN(CCCNC(=O)CCNC(=O)Cn1ccc2ccccc2c1=O)c1ccccc1,0
O=C(c1ccc(-c2ccccc2)cc1)N1CCN(Cc2ccccn2)CC1,0
CC(=NCc1ccco1)C1C(=O)c2ccccc2C1=O,0
O=C(Nc1ccncc1)c1ccccc1F,0
Cc1sc2nc(SCC(=O)NCc3cccs3)nc(O)c2c1C,0
Cc1csc(NC(=O)C2CCCN2C(=O)Oc2ccccc2)n1,0
CCOC(=O)C1=C(C)N=C(SCC(=O)Nc2nc(C)cs2)C(C#N)C1c1cccs1,0
CC(C)(C)c1cc(C(=O)N2CCN(c3ncccn3)CC2)ccn1,0
CC1(C)CC(NC(=O)C23CCC(C)(C(=NO)C2)C3(C)C)CC(C)(C)N1,0
Cc1c(C(=O)N2CCC(C(N)=O)CC2)sc(N)c1C#N,0
O=C(c1cccc2ccccc12)N1CCN(CC2CC=CCC2)CC1,0
COc1cc(SC)ccc1C(=O)Nc1ccon1,0
Cc1ccc2nc(SCC(=O)O)nc(C)c2c1,0
CC(C)CCn1nnnc1C(c1ccc(F)cc1)N1CCC(C(N)=O)CC1,0
COC(=O)c1cnn2c(C(F)(F)F)cc(-c3ccc(F)cc3)nc12,0
COc1cc(OC)cc(N(C(=O)c2ccco2)C(C(=O)NC2CCCC2)c2ccc(N(C)C)cc2)c1,0
CCOC(=O)N1CCN(C(=O)CSCC(=O)Nc2nc(-c3ccccc3)cs2)CC1,0
Cc1ccc(S(=O)(=O)c2c(C)nn(C(C)(C)C)c2OC(=O)C2CCCC2)cc1,0
COc1ccc(Cl)cc1N(C)C(=O)CCc1nc(-c2ccc(C)cc2)no1,0
CC(=O)Nc1ccc(S(=O)(=O)NC(CC(=O)O)c2ccc(OC(C)C)cc2)cc1,0
O=C1c2ccccc2NC2CCCCCN12,0
CCOCCn1cnc2sc(C(=O)Nc3nc(C)c(C(=O)OCC)s3)c(C)c2c1=O,0
Cc1cc(O)nc(SCn2nnc3ccccc3c2=O)n1,0
CCOc1ccc(N2Cc3ccccc3C2)cc1,0
CC(C)Cc1cc(C(=O)N2CCN(c3ccc(F)cc3)CC2)no1,0
Cc1cc2nc(C)n3c4ccccc4nc3n2n1,0
Clc1ccccc1-c1nnc2sc(-c3ccc4c(c3)OCO4)nn12,0
CSc1nc2ccccc2n1CC(=O)Nc1ccccc1,0
O=C(Nc1ccccc1)c1ccccc1O,0
CCCc1cc(C(=O)Nc2sc(C)c(C)c2C(=O)OCC)no1,0
Cc1nnc(SCC(=O)N2c3ccccc3CC2C)s1,0
CC1CCc2cc(F)ccc2N1C(=O)CSc1nnc(-c2cccs2)n1C,0
CCCCOC(=O)C(C)Nc1nnc(O)nc1O,0
O=C(O)CCOc1ccc2c(c1)OCCO2,0
O=C1CC(=CN2CCN(c3ccccc3)CC2)c2cc(O)c(-c3ccccc3)cc2O1,0
CCNC(O)c1cc(O)n(-c2ccc(OCC)cc2)c1,0
c1ccc2c(-n3cnnn3)cccc2c1,0
Cc1nn(C)cc1NC(=O)CCSc1nc(-c2ccco2)cc(C(F)(F)F)n1,0
CCOC(=O)C(C)(C)Sc1nc(O)c2cnn(-c3ccc(C)cc3)c2n1,0
CCOC(=O)c1[nH]c2ccc(F)cc2c1NC(=O)c1cc(OC)c(OC)c(OC)c1,0
COc1cc2c(cc1OC)-c1cc(=NC3CCCCC3)[nH]c(=O)n1CC2,0
COc1cc(-c2nc(-c3ccc(Br)o3)no2)cc(OC)c1OC,0
Cn1nc(-c2ccc(C(=O)NCC3CCCO3)cc2)c2ccccc2c1=O,0
O=C1C(=NCC2CCCO2)C(Cl)C(=O)N1CCc1ccccc1,0
CC(C)OC(=O)C(CC(=O)O)NCc1ccccc1,0
CC1CN(Cc2nc3c(c(=O)n(C)c(=O)n3C)n2CCCc2ccccc2)CC(C)O1,0
Cc1ccc(SCc2cc(O)n3nc(C)nc3n2)cc1,0
Cc1occc1-c1nnc2sc(-c3ccc(-c4ccc(Cl)cc4)o3)nn12,0
N#Cc1cnn(Cc2ccccc2)c1N=CN1CCOCC1,0
Cc1cccc(C)c1NC(=O)c1c(-c2ccccc2)noc1C,0
O=C1c2cccnc2C(=O)N1c1ccccc1-c1ccccc1,0
COC(=O)C(Cc1ccccc1)NC(=O)CSc1nc(C)cc(O)n1,0
C[SH](=O)(O)N=C1c2cccc3cccc(c23)C1Sc1nncn1N=Cc1ccco1,0
O=C(NC1CCCc2ccccc21)C1CCN(c2c(N3CCCC3)c(=O)c2=O)CC1,0
CN(C1CCCCC1)S(=O)(=O)c1ccc2c(c1)c(=O)c(C(=O)NCCCN1CCCC1)cn2C,0
Clc1ccc(-c2nnc(-c3ccccc3Cl)o2)cc1,0
COc1ccc(-c2cc(C(=O)N3CCN(C(c4ccccc4)c4ccccc4)CC3)no2)cc1,0
COc1cccc(-c2nn3c(-c4ccco4)nnc3s2)c1,0
O=C(COc1nnc2ccccn12)N1CCN(S(=O)(=O)c2ccccc2)CC1,0
COCC(C)n1c(C)cc(C(=O)CN2C(=O)NC3(CCCCC3C)C2=O)c1C,0
O=C(O)CCc1ccc(-c2ccc(Cl)cc2)n1CC(=O)O,0
CC(NC(=O)c1ccccc1)c1nc2ccccc2n1Cc1ccc(C#N)cc1,0
CC1=NOC2(C)Nc3ncnn3C(c3ccccc3)C12,0
Nn1c(SCC(=O)N2CCOCC2)nnc1-c1ccc(Cl)cc1Cl,0
Cc1oc(-c2ccccc2)cc1C(N)=O,0
COc1ccc(Nc2oc(-c3ccccc3Cl)nc2C#N)cc1,0
O=C(CC(SCc1ccco1)c1ccc(O)cc1)c1cccs1,0
CC(=O)c1c(C)nc2ccccn12,0
CCCCCCn1c(SCC(C)C)nc2c1c(=O)[nH]c(=O)n2C,0
CC1Oc2ccccc2N(CC(=O)c2ccccc2)C1=O,0
Cc1ccc(NS(=O)(=O)c2cc(C(=O)N3CCN(C)CC3)ccc2C)cc1,0
O=C(CC1COc2ccccc2O1)NCc1ccccc1,0
Cc1cccc(NC(=O)c2cnc3sccn3c2=O)c1,0
CS(=O)(O)=Nc1ccccc1C(=O)O,0
CCOC(=O)Nc1cccc(OCC(=O)Nc2ccc(OC)cc2OC)c1,0
OC1(CN2CCOCC2)C2CN3CCN(C2)CC1(c1ccccc1)C3,0
CS(=O)(=O)N(CC(=O)N1CCCCCC1)c1ccc2c(c1)OCCO2,0
O=C(O)CC(CP(=O)(c1ccccc1)c1ccccc1)C(=O)O,0
CCC(=NCc1ccco1)C1C(=O)NC(=O)N(c2ccc(OC)cc2)C1=O,0
Cc1ccc(C2NC(=O)c3c(sc4c3CCN(C)C4)N2)s1,0
CCCOc1ccc(C(=O)C2C(=O)C(=O)N(CCCN(C)C)C23C(=O)N(C)c2ccccc23)cc1,0
CSc1cccc(-n2c(C)cc(C(N)=O)c2C)c1,0
O=C(NC1CCCCCC1)c1cccs1,0
CCc1cccc(C)c1NC(=O)CSc1nc2ccccc2n1CC(=O)N(C)C,0
Clc1ncn(C23CC4CC(CC(C4)C2)C3)n1,0
CCOC(=O)CSc1nncc2ccc(OC)c(OC)c12,0
CCOC(=O)c1c(C)oc2c1C(=CNCc1ccccn1)C(=O)c1ccccc1-2,0
CCn1c(SCC(=O)Nc2cc(C)ccc2C)nnc1-c1cnccn1,0
O=C(c1ccccc1CCc1ccccc1)N1CCOCC1,0
Cc1ccc(SC(C)c2nc(-c3cccnc3)no2)cc1,0
Brc1ccc(-c2nnc3n2-c2ccccc2CC3)cc1,0
Cc1cc(C)n2nc(SC(C)C(=O)N3CCC4(CC3)OCCO4)nc2n1,0
N#Cc1ccc(CSc2nnc(-c3cccs3)n2-c2ccccc2)cc1,0
Cc1noc(C)c1C(=O)OCC(=O)C=C1N(C)c2ccccc2C1(C)C,0
CCOc1ccc(-n2c3nc4ccccc4nc3c3c(=O)n(Cc4ccco4)cnc32)cc1,0
CC1(c2ccc(OC(F)F)cc2)NC(=O)N(CC(=O)NC2CCCCC2)C1=O,0
Nc1c(C(=O)NCCN2CCOCC2)c2nc3ccccc3nc2n1-c1ccc2c(c1)OCO2,0
Cn1c(O)cc(N2CCC(c3nc4ccccc4s3)CC2)c1O,0
CC(C)C(=O)Nc1cccc(C(=O)Nc2ccc3c(c2)OCO3)c1,0
Cc1cc(NC(=O)c2ccc3c(c2)OCO3)no1,0
Cc1cc(O)nc(N2CCCC2)n1,0
CCCCN(C(=O)NC(=O)Nc1cccc(C)c1C)S(C)(=O)=O,0
Cc1ccc(N(CC(=O)Nc2ccc3c(c2)OCCO3)S(=O)(=O)c2c(C)noc2C)cc1,0
CCCOc1cccc(C(=O)N(Cc2ccco2)C2C=S(O)(O)=CC2)c1,0
CC1(C)Cc2c(c(N3CCOCC3)nc3sc(C#N)c(N)c23)CS1,0
Cc1ccc(Cl)c(Nc2ccccc2C(=O)O)c1Cl,0
C=CCOC(=O)C1=C(C)Nc2nc3ccccc3n2C1c1ccncc1,0
O=C(Nc1nccs1)c1ccc(S(=O)(=O)NCc2cccs2)cc1,0
CCc1c(C)nc(N)n2c(SCC(=O)N3CCC(C)CC3)nnc12,0
CC(C)CCn1c(SCC(=O)c2ccccc2)nc2c1c(=O)[nH]c(=O)n2C,0
CC1CCCCC1NC(=O)Cn1[nH]c(=O)c2ccccc2c1=O,0
CS(=O)(=O)N1CCC(C(=O)NCC2CCCO2)CC1,0
COc1ccc(OC)c2sc(NC(=O)C3=COCCO3)nc12,0
COc1ccc(S(=O)(=O)n2c(CCN3CCOCC3)nc3ccccc32)cc1,0
Clc1ccc2[nH]c3c(NCCN4CCOCC4)ncnc3c2c1,0
O=C(OCc1nnc(-c2ccccc2)o1)c1ccc2c(c1)OCO2,0
CCc1nc2sc(C)c(C)c2c(=O)n1CCO,0
Cc1ccc(C2(O)CC(C)N(C)CC2C)cc1,0
OCCn1c(-c2ccc3c(c2)OCO3)csc1=Nc1ccccc1,0
C=C(c1ccc(Cl)cc1)c1sc(N2CCOCC2)nc1O,0
O=S(=O)(Nc1ccc2oc(-c3ccccc3)nc2c1)c1ccccc1,0
CC(C)(C)c1ccc(NC(=O)COC(=O)C2=COCCO2)cc1,0
O=C(NCCN1CCOCC1)c1ccc(=O)oc1,0
CN(C)C=Nc1c(C#N)c(-c2ccccc2)c(-c2ccccc2)n1Cc1ccco1,0
COc1ccc(NC(=O)Cn2cccc2)cc1Cl,0
O=C(NCc1ccco1)Nc1ccc(Br)cc1Cl,0
CC(C)(C)n1ncc2c(=O)n(CC(=O)NCCc3ccccc3)cnc21,0
Cc1nn(CCc2nn[nH]n2)c2nc(C(F)(F)F)cc(C(F)(F)F)c12,0
CC(=O)C1=C(C)N=C(SCC(=O)c2ccccc2)C(C#N)C1c1ccco1,0
COc1ccc(N2C(=O)CC(N3CCN(c4ccccc4)CC3)=NC2=O)cc1,0
CNc1nc(NC)nc(-n2c(C(F)(F)F)nc3ccccc32)n1,0
O=C(NCc1ccc2c(c1)OCO2)c1ccc(COc2cccc(Cl)c2)o1,0
O=C(NCCSCc1ccccc1)c1cc(S(=O)(=O)N2CCOCC2)ccc1F,0
Cc1ccc(OCc2nc(-c3ccccn3)no2)c(Br)c1,0
COc1ccc(C(=O)NCc2cn3cccc(C)c3n2)cc1OC,0
Cc1nc2ccccc2n1CCc1nc2c3ccccc3nc(SCC(=O)NCc3ccco3)n2n1,0
CN1C(=O)N(C)C2C1NC(=O)N2C,0
CC(=NO)C(=O)OC1CC(C)CCC1C(C)C,0
CCCCCCSc1cc(C)nc2ncnn12,0
CCOC(=O)c1ccccc1NC(=O)c1cc(S(=O)(=O)N2CCOCC2)ccc1F,0
Cc1ccc2c(Cl)cc(Cl)c(OCC(=O)NC(=O)NCc3ccco3)c2n1,0
COC(=O)Nc1sc2c(c1C(=O)NCc1ccco1)CCCC2,0
Cc1ccc2oc(=O)c3cnn(CC(=O)NCCc4ccsc4)c3c2c1,0
CCCCOCCCNC(=O)NC(C(=O)OC)C(C)C,0
CCOc1ccc(-c2cc(C(=O)O)c3ccccc3n2)c(OCC)c1,0
O=C(CC1(O)C(=O)Nc2ccccc21)c1cccnc1,0
O=C(CC1SC2=NCCN2C1=O)Nc1ccc(Cl)cc1,0
O=C(N1CCOCC1)C(F)(F)S(=O)(=O)Nc1ccccc1,0
CSCCC(N=CC1C(=O)CC(C)(C)CC1=O)C(=O)O,0
COc1cc2c(C)nc(C)c(C#N)c2cc1OC,0
COc1ccc(C2CC(c3ccc(Br)cc3)=Nc3nc(-n4c(O)ccc4O)nn32)cc1,0
Cc1ccccc1CN1CCN(S(=O)(=O)c2ccc(F)cc2)CC1,0
Cc1ccc(-n2c(C)cc(C)c(C#N)c2=O)cc1,0
Nc1nc(CSc2nnnn2-c2ccccc2)nc(N2CCCc3ccccc32)n1,0
CCOc1ccc2nc(SC(CC)C(=O)Nc3cc(C)on3)sc2c1,0
CCOC(=O)c1ccccc1N=CC1CCCC1=O,0
Cc1ccc(C)c(OCC(O)CN2CCCCC2C)c1,0
CCCCOC(=O)CSc1nnc(-c2cc(OC)c(OC)c(OC)c2)o1,0
CC1CCCN(S(=O)(=O)c2cc(Cl)ccc2Cl)C1,0
O=c1nc[nH]c2nc(-c3ccccc3)c(-c3ccccc3)nc12,0
CC1(C)Cc2c(sc3c2c(=O)n(Cc2ccccc2)c2nncn32)CO1,0
Cc1ccc(NC(=O)C2CCCN2S(=O)(=O)c2cccc3cccnc23)cc1F,0
Nc1ncn(C(=O)c2ccco2)n1,0
CC(C)(C)OC(=O)N1CCC(C(=O)N2CCCCCC2)CC1,0
CCOC(=O)c1[nH]c(C)c(CN(CCc2ccc(OC)c(OC)c2)C(=O)CCCC(=O)O)c1C,0
Cn1c(=O)n(Cc2ccccc2)c2ccccc21,0
O=C(Nc1c(-c2ccccc2)nc2sccn12)c1ccccc1,0
CC(=O)Oc1cc(C(C)C)c(OCCN(C)C)cc1C,0
COc1cc2c(cc1NC(=O)Cc1sc(N3CCCC3)nc1O)oc1ccccc12,0
COCCn1nnnc1C(c1cccs1)N1CCN(c2cc(C)ccc2C)CC1,0
CC1=Nc2ncnn2C(c2cccnc2)C1C(=O)NCc1ccccc1,0
c1cncc(-c2nc3ccccc3o2)c1,0
Cn1c(CNC(=O)Cc2ccc3c(c2)OCO3)nnc1SCc1ccccc1,0
CC(=O)c1cccc(NC(=O)N2CCc3ccccc3C2)c1,0
Cc1nc2ccccn2c1C(=O)C1C(=O)C(=O)N(CCCn2ccnc2)C1c1ccncc1,0
COC(=O)c1ccc(CSC2=NC3=CCSC3C(=O)N2c2ccccc2)o1,0
CCOC(=O)NCc1ccc(Cl)c(Cl)c1,0
CCn1c(SCC(=O)NCCc2ccc(OC)c(OC)c2)nc2c1c(=O)n(C)c(=O)n2C,0
CCCC12CN3CC(C)(CN(C1)C3c1ccc(OC(C)C)cc1)C2=O,0
CCCCCc1cc(O)c2c(C)cc(=O)oc2c1,0
CCN1C(=O)C2(c3ccccc31)c1c(COC)n[nH]c1OC(=N)C2C#N,0
CCOC(=O)CCCNC(=O)CCNC(=O)c1ccc(OC)cc1,0
COc1ccccc1-n1cnc2cc(C(=O)NCCCN3CCOCC3)ccc21,0
CNC(=O)CSc1nnc(-c2ccc(S(=O)(=O)N3CCCC3)cc2)n1-c1cccc(C)c1C,0
O=C(NCCNC1=NS(=O)(=O)c2ccccc21)c1ccc2nccnc2c1,0
COc1ccc2c(CC(=O)OCC(=O)c3ccc(F)cc3)coc2c1,0
Cc1cc(C)n(-c2ncnc3sc4c(c23)CCCC4)n1,0
CN(C)CCOC(C)(c1ccccc1)c1ccccn1,0
Cc1ccc2nc(N=c3[nH]c(=O)c4ccccc4n3C)nc(C)c2c1,0
COc1ccc(C(=O)NCC(c2cccnc2)N2CCN(c3ccccc3OC)CC2)cc1OC,0
CN(C)c1ccc(-c2nc3ccccc3n2C)cc1,0
CCOC(=O)Nc1cccc(Nc2ccccc2)c1,0
COc1ccc(CC(=O)Nc2cc(C)ccn2)cc1,0
CCOC(=O)c1c(CC(C)C)csc1NC(C)=O,0
C=CCOC(=O)C1C(=O)CC(C)(O)C(C(=O)OCC=C)C1c1ccc(OCC)cc1,0
COc1ccc(NC(=O)C(c2ccc(OC)cc2)N(C)C(=O)CNC(C)=O)cc1,0
O=C(c1cnc2ccc(S(=O)(=O)N3CCOCC3)cc2c1O)N1CCCC1,0
CCOC(=O)C1CCN(S(=O)(=O)c2c(C)n[nH]c2C)CC1,0
CCOc1ccc(CCNS(=O)(=O)c2cnc[nH]2)cc1OCC,0
O=C(O)Cn1nnnc1SCC(=O)Nc1ccc(OC(F)(F)F)cc1,0
O=C(NCCN1CCN(c2ccccc2)CC1)C1CCCN(S(=O)(=O)c2cnc[nH]2)C1,0
Nc1nc(-c2ccc(Cl)cc2)nn1C(=O)c1cccnc1,0
CCOc1ccc(-c2nnc3ccc(SCC(=O)NCc4ccco4)nn23)cc1,0
C=C(C)CSCc1nc2ccccc2[nH]1,0
CCOC(=O)c1cnc2c(C#N)c(C)nn2c1C,0
Cc1cc(C(=O)OCC(=O)N(C)C2C=S(O)(O)=CC2)c(C)n1-c1ccccc1,0
CCOC(=O)CSC1=NC(=O)C(C(=O)OC)C(c2ccc(C)cc2)C1C#N,0
Clc1cccc(-c2nn3c(-c4ccncc4)nnc3s2)c1,0
CC1CCCCN1C(=O)Cn1c(=O)oc2ccccc21,0
CC(=O)c1cccc(NC2=NC(=O)C(CO)(CO)S2)c1,0
COc1cc(S(=O)(=O)N2CCN(c3ccc(F)cc3)CC2)ccc1Cl,0
O=C1CC(=O)CC(c2cccs2)C1,0
COCCCn1c(O)c(O)c(C(=O)c2ccc(C)cc2)c1-c1ccccc1,0
Cc1nnc(SCC(=O)Nc2ccc3c4c(cccc24)CC3)n1C,0
Cc1ccc(SC(C)c2nc(-c3ccncc3)no2)cc1,0
CC1CCCCN1Cc1nc2c(c(=O)n(C)c(=O)n2C)n1CCc1ccccc1,0
Cc1ccccc1Nc1nn2c(=O)c3ccccc3nc2s1,0
Cn1c(SCC(N)=O)nnc1C1CCN(C(=O)NCc2ccccc2)CC1,0
Cc1ccc(NC(=O)c2ccc3ccccc3n2)nc1,0
Cc1cccn2c(=O)c3cc(C(=O)NCCCn4ccnc4)n(C)c3nc12,0
CC(NC(=O)OC1CCCCC1)n1c(O)c2c(c1O)C1C=CC2C1,0
COc1ccc(C2=Nc3nnnn3C(c3c(C)nn(-c4ccccc4)c3Cl)C2)cc1OC,0
CCC(=O)Nc1ccc(Cl)c(NC(=O)C(C)C)c1,0
O=C(O)CC(C(=O)NC1CCCCC1)C1CCCO1,0
CC1CC(C)CN(C(=O)c2cn(C)c3ccc(S(=O)(=O)N(C)C)cc3c2=O)C1,0
O=C(Cn1cccc1)N1CCc2ccccc21,0
Cn1c(SCc2nnc(-c3ccccc3Br)o2)nc2sc3c(c2c1=O)CCC3,0
Cc1nc2cc(F)ccc2n1C1CCN(Cc2nnnn2CCc2ccccc2)CC1,0
CS(=O)(=O)N(CCc1ccccc1)CC(N)=O,0
CCOC(=O)N1CCN(C(=O)CCN2C(=O)COc3ccc(C)cc32)CC1,0
Cc1cccc(NC(=O)CSc2nnc(-c3ccco3)o2)c1C,0
N#Cc1nc(-c2cccs2)oc1N1CCN(c2ccccc2)CC1,0
Cc1ccc(C)c(Cn2nnc3c(O)nc(C(=O)NCC4CCCO4)nc32)c1,0
O=C(O)c1cccc(S(=O)(=O)N2Cc3ccccc3C2)c1,0
N=c1c2c3c(sc2nc2n1CCC2)CCCC3,0
Cc1ccc(C(=O)Nc2cccc(C(=O)NCc3ccccc3)c2)o1,0
O=S(=O)(c1ccccc1)n1ccc2ccccc21,0
O=C(O)CCSc1nnc(-c2ccc3c(c2)OCO3)o1,0
COc1ccc(OC)c(C2=Nn3c(nnc3C3CCCCC3)SC2)c1,0
O=C(CN1CCN(Cc2ccccc2F)C1=O)NCCN1CCOCC1,0
c1ccc(CCc2nn3c(Cn4cnc5ccccc54)nnc3s2)cc1,0
O=C(c1cccc(S(=O)(=O)N2CCCC2)c1)c1cccc(S(=O)(=O)N2CCCC2)c1,0
CCOC(=O)CSc1cc(C)nc(NC(C)=O)n1,0
CCn1c(=O)cc(OCC(=O)N2CCN(c3cccc(C(F)(F)F)c3)CC2)c2ccccc21,0
Cn1c(C(=O)OC(C(=O)NC2CCCC2)c2ccncc2)cc2sccc21,0
CCOC(=O)CSc1nc(-c2ccncc2)ccc1C#N,0
O=C1CSC(c2cccc(F)c2)N1c1ccccc1F,0
Cc1cc(C(=O)N2CCN(c3ccccn3)CC2)no1,0
CC1CCc2nc(NC(=O)Cc3cccs3)sc2C1,0
O=C(Cc1ccc(Br)cc1)N1CCN(c2ccccc2)CC1,0
CC(C)(C)Cc1nnc(N=S(O)(O)=Cc2ccccc2)s1,0
COc1cc(NC(=O)c2cc(-c3cccs3)on2)cc(OC)c1OC,0
COc1ccc(OCc2nn3c(-c4cccc(OC)c4)nnc3s2)cc1,0
Cc1cc2ncn(C(=O)c3c(-c4ccccc4)noc3C)c2cc1C,0
Cc1ccc(N2C(=O)NC(=O)C(C=NC3CCCC3)C2=O)c(C)c1,0
CCN1CCCC1CN(Cc1cc2c(C)cc(C)cc2nc1O)C(=O)NC1CCCCC1,0
Cn1c(SC=C2CC(=O)N3C=C(Br)C=CC3=N2)nnc1C1COc2ccccc2O1,0
CCOC(=O)C1=C(C)Nc2ccccc2NC1=NC(=O)CCCN1C(=O)c2ccccc2C1=O,0
CCOc1ccccc1N1CCN(C(=O)Nc2ccc(F)c(Cl)c2)CC1,0
COC(=O)COc1ccc(S(=O)(=O)NCc2ccco2)cc1,0
COc1ccc(S(=O)(=O)n2nc(OC(=O)c3cccs3)cc2N)cc1,0
Cc1cc(C)n(-c2nc(NCCCO)c3c4c(sc3n2)CCCC4)n1,0
CCC(=O)n1nc(-c2ccco2)nc1N,0
CN(C)c1ccc(NC(=O)CSc2nc3ccccc3c(=O)n2C2CCCCC2)cc1,0
Oc1cc(Cc2ccccc2)c(O)n1CCc1ccc2c(c1)OCO2,0
O=C(NCc1ccco1)c1cccc2ccccc12,0
CN(C)S(=O)(=O)NCc1ccc2c(c1)OCO2,0
Cc1ccc(S(=O)(=O)c2c(N)n(CC3CCOC3)c3nc4ccccc4nc23)cc1,0
CCCNc1nc2c(c(=O)n(C)c(=O)n2C)n1CCC(C)C,0
CC(CCc1c[nH]c2ccccc12)=NO,0
COc1ccc(CC(=O)NCc2nnc(SCC(=O)N3CCN(c4ccccc4)CC3)n2C)cc1,0
CC(C)(C)C1CCc2onc(C(=O)Nc3cccnc3)c2C1,0
COc1ccccc1C(OC(=O)c1cccs1)C(=O)NCc1ccco1,0
CCOc1ccc(-n2c(Cc3cc(O)nc(O)n3)nnc2SC(C)C)cc1,0
O=C(CN1C(=O)NC2(CCCCCCC2)C1=O)N1CCOCC1,0
Cc1cc(OCC(=O)N=C2C(=O)N(c3ccccc3)N(C)C2C)c2c(c1)OC(=O)C1CCC=C21,0
O=C(COC(=O)C1=COCCO1)Nc1ccc2c(c1)OCO2,0
NC(=O)CCN(Cc1ccccc1)S(=O)(=O)c1ccccc1,0
COc1cccc(C(=O)Nc2ccc(NC(=O)C3CC3)cn2)c1,0
Cc1ccc(-c2nc3sc(=Cc4ccco4)c(=O)n3n2)cc1,0
COc1ccc(-c2noc(CN(C(=O)c3c(-c4ccccc4Cl)noc3C)C(C)C)n2)cc1,0
O=S1(=O)N=C(Nc2ccc(O)c(CN3CCCCC3)c2)c2ccccc21,0
Cn1c(=O)c2c(nc(CN3CCN(C(=O)c4ccco4)CC3)n2CCCc2ccccc2)n(C)c1=O,0
Cc1ccc(N(CC(=O)NCc2cccs2)S(=O)(=O)c2cccs2)cc1,0
N#CC1C(=N)C(C#N)(C#N)C2(CCC3(CC2)OCCO3)C2CC3(CC=C12)OCCO3,0
Cc1cc2ncn(CCOc3ccccc3C#N)c2cc1C,0
CC1=Nn2c(nnc2-c2ccccc2F)SC1,0
OC1=C2C3=C(C4CCCCC4)C(=C2C(O)N1Cc1ccccc1)C=C3,0
O=S(NCc1ccccc1)C12CC3CC(CC(C3)C1)C2,0
Brc1cccc(-c2nnc(-c3ccccc3)o2)c1,0
Cc1ccccc1C1CC(=O)N=C2CCCC(=O)C21,0
O=C(CC(C(=O)O)C1CCCO1)Nc1cccc(C(F)(F)F)c1,0
COCCCNc1nc2c(c(=O)[nH]c(=O)n2C)n1CC(O)COc1cccc(C)c1,0
O=C(Oc1ccc(-c2ccccc2)cc1)N1CCOCC1,0
CCOC(=O)Cc1csc(NC(=O)c2cccnc2)n1,0
Cc1ccc(NCc2nnc(SCC(=O)N3CCCc4ccccc43)o2)c(C)c1,0
CCc1ccc(-c2nnn(Cc3nc4ccccc4s3)n2)cc1,0
O=C(O)c1ccccc1C(=O)NCc1ccc(F)cc1,0
O=S(=O)(C=Cc1ccccc1)N1CCN(c2ccccc2)CC1,0
CCOc1ccc(NC(=O)CN(c2ccc(OC)cc2)S(C)(=O)=O)cc1,0
O=C(NC1CCCCC1)C(c1ccncc1)N(C(=O)Cn1nnc(-c2cccs2)n1)C1CCCC1,0
COc1ccc(CC(=O)Nc2cccc(C(=O)O)c2C)cc1,0
O=C(c1cccc(F)c1)N1CCN(CC2CC3C=CC2C3)CC1,0
O=S(=O)(c1ccccc1)N1CCC(N2CCCCCC2)CC1,0
CCCC1COC(Cn2cncn2)(c2ccc(C)cc2)O1,0
Cc1cc(C)n2nc(SCc3nc4ccccc4[nH]3)nc2n1,0
CCc1cccc(CC)c1NC(=O)CN1CCN(c2ccccc2)CC1,0
O=C(Nn1cnnc1)c1ccccc1CCc1ccccc1,0
CC(Nc1nc(N2CCCC2)nc2ccccc12)c1ccccc1,0
CCOC(=O)N1CCC(NS(=O)(=O)c2cc3c(cc2C)NC(=O)CO3)CC1,0
Fc1ccccc1N1CCN(Cc2nc(-c3ccccc3)no2)CC1,0
COc1ccccc1OCC(=O)Nc1oc(-c2ccccc2)c(-c2ccccc2)c1C#N,0
COc1cc(S(=O)(=O)NC2CCCCC2C)ccc1Cl,0
O=C(COc1ccccc1)N(Cc1cc2ccccc2nc1O)CC1CCCO1,0
Cn1ncc(C#N)c1N=CN1CCCCC1,0
Nc1nonc1-c1noc(-c2ccc(Br)o2)n1,0
CCN(CC)C(=O)c1cc(-c2ccc(Br)cc2)on1,0
Cc1ccc(SCCCn2cncn2)cc1,0
CNC(=O)c1c(NC(=O)c2nc3ccccc3s2)sc2c1CCC2,0
Cc1nc2ccccc2c(O)c1CN1CCCCC1,0
COc1cccc(-n2c(C)nc3c(cnn3-c3ccc(C)cc3)c2=O)c1,0
Cc1sc2ncnc(SCC#N)c2c1C,0
Cn1nnc(NC(=O)c2ccco2)n1,0
CC(C)Cn1c(=O)c(C(=O)NCc2ccccn2)c(O)c2ccccc21,0
COc1cccc(N2C(=O)NC(=O)C3(Cc4cc(C)ccc4N(C)C3)C2=O)c1,0
CCCNc1oc(-c2cccc3ccccc23)nc1C#N,0
Cn1c(=O)c2c(ncn2CC(=O)N2CCOCC2)n(C)c1=O,0
Cc1ccc(CCNC(=O)C2CCCN2[SH](=O)(O)c2ccc3nc(O)ccc3c2)cc1,0
COc1ccc(Br)cc1S(=O)(=O)N(CC(=O)N1CCOCC1)c1ccccc1,0
CCCC(=O)Nc1cc(C)c(NC(=O)C23CC4CC(CC(C4)C2)C3)cn1,0
CCOCCSC1=NC(C)=C(C(C)=O)C(c2cccs2)C1C#N,0
CCN(CC)CCCNC(=O)c1sc2nc(-c3ccc(F)cc3)cn2c1C,0
COc1ccc2c(c1)C(C)=CC(C)(C)N2C(=O)CSc1nnc(-c2ccc(C)cc2)o1,0
CC(=O)N(CC(=O)Nc1nn(-c2ccccc2)nc1C(N)=O)Cc1ccccc1,0
Cc1ccccc1NC(=O)N1CCCC(c2nc(-c3ccc(C(C)C)cc3)no2)C1,0
CC(=O)c1nnn(-c2nc(N3CCCC3)nc(N(c3ccccc3)c3ccccc3)n2)c1C,0
CCCCN(C)C(=O)C1CCN(CC(C)=Cc2ccccc2)CC1,0
CCOc1cc(N2CCOCC2)c(OCC)cc1NC(=O)Cc1cn2ccsc2n1,0
O=C(CC1SC(=O)N(c2ccccc2)C1=O)Nc1ccccc1,0
CCOC(=O)c1c(C)oc2ccc(O)c(CN(C)C)c12,0
Cc1ccc(C)c(Cn2c(=O)n(CCC(=O)NCc3ccco3)c(=O)c3ccccc32)c1,0
COC(=O)C1=COC(C)C2CN3CCc4c([nH]c5ccccc45)C3CC12,0
COc1ccc(NC(=O)CSC2=NC3=CCSC3C(=O)N2c2ccc(F)cc2)cc1,0
CCOC(=O)C1CCN(c2nc3ccccc3nc2C(C#N)C(=O)OC(C)COC)CC1,0
COc1cccc(OCC(O)CN(CCO)Cc2ccccc2)c1,0
COC(=O)CNC(=O)C(C)NC(=O)OCc1ccccc1,0
Cc1ccc(-n2ncc3c(O)nc(SCC(=O)N4CCCCC4)nc32)cc1,0
Brc1ccccc1C1=Nn2c(nnc2-c2ccccc2)SC1,0
COc1ccc2c(c1)OC1=NC(=C(C)C)N(Cc3ccco3)C(=O)C1C2=O,0
Cc1cc(C)c(C#N)c(N2CCN(Cc3ccc4c(c3)OCO4)CC2)n1,0
O=c1c2ccccc2nc(-c2ccco2)n1-c1ccc(Br)cn1,0
Cc1ccc(-c2ccc(=O)n(CCC(=O)NCCN3CCCCC3C)n2)cc1,0
CC(=O)NC12CC3CC(C1)CC(C(=O)OCC(=O)Nc1ncc(Cl)cc1Cl)(C3)C2,0
CC(Cl)=CCn1c(NCCN(C)C)nc2c1c(=O)n(C)c(=O)n2C,0
Cn1c(OCc2ccc3c(c2)OCO3)nc2c1c(=O)n(Cc1cccc(Cl)c1)c(=O)n2C,0
Cc1ccc(NC(=O)CCN2C(=O)c3ccncc3C2=O)cc1,0
CCOc1ccccc1OCc1nn2c(-c3ccc(C)cc3)nnc2s1,0
COC(=O)c1ccc(OCC(O)CN(CCO)CCO)cc1,0
CCOCCOC(=O)C(C)Sc1nnc(O)nc1O,0
O=C(NC(Nc1ncccn1)C(=O)c1ccccc1)c1ccccc1,0
Cc1nc2sc(-c3ccccc3)cc2c(=O)n1-n1cccc1,0
COc1cccc(-n2c(SCC(=O)Nc3cc(C)on3)nc3c([nH]c4ccccc43)c2=O)c1,0
CCC1CCCCN1S(=O)(=O)c1ccc2c(c1)CCN2C(=O)C1CCC1,0
O=C(NCc1ccccc1)C1CCN(S(=O)(=O)c2cccc3cccnc23)CC1,0
O=C(Nc1ccccc1)N(CCN1CCOCC1)Cc1cccc(Cl)c1,0
CS(=O)(=O)N1CCCC(C(=O)NCCN2CCC(Cc3ccccc3)CC2)C1,0
CCOc1ccccc1NS(=O)(=O)c1ccc(OC)c(OC)c1,0
COc1cc(C(=O)Nc2ccc(N(C)C)cc2)cc(OC)c1OC,0
CCCC(=O)Nc1cccc(-c2nc3cc(C)c(C)cc3o2)c1,0
Cc1ccc(-n2c(SCC(=O)N3CCOCC3)nnc2-c2cccnc2)cc1,0
Cc1nc2ccc(S(=O)(=O)N(C)CC(=O)N3CCc4ccccc4C3)cc2s1,0
CCOC(=O)C(O)(C1C(=O)CC(C)(C)CC1=O)C(F)(F)F,0
COCCCNC(=O)C1CCCN(C(=O)Nc2ccc(OC)cc2)C1,0
CCCN(CCC)CCCNC(=O)CC(C(=O)N1CCc2ccccc21)n1ccnc1,0
CCOc1ccc2ccccc2c1C(=O)N1CCN(c2ccccc2)CC1,0
Nc1c(C(=O)c2ccc(Br)s2)oc2ccccc12,0
COCCNC(=O)CN(C(=O)CCC(=O)Nc1nccs1)c1ccccc1OC,0
O=C(NC12CC3CC(CC(C3)C1)C2)N1CCN(c2ccccn2)CC1,0
O=C(CSc1nnnn1C1CCCCC1)Nc1nc2c(s1)CCCC2,0
CC(=O)OCC(=O)C12OC3(CCCC3)OC1CC1C3CC=C4CC(=O)C=CC4(C)C3(F)C(O)CC12C,0
CCC(C#CCN1CCCCC1)(CC)OCCC#N,0
O=C(Nc1ccccc1)c1cc(N2CCOCC2)nc2ccccc12,0
CC(C)CCNC(=O)CN(CC1CCCO1)C(=O)CCC(=O)Nc1nccs1,0
CC(c1ccccc1)C1C2=CC=C1c1c(O)[nH]c(O)c12,0
Cc1ccn2c(NC3CCCCC3)c(C)nc2c1,0
CCOc1ccc(-n2c(O)c3cccnc3c2Nc2ccc(F)cc2)cc1,0
CCc1cc2ccc(OC)cc2nc1SCC(=O)Nc1cc(C)on1,0
COC(=O)C(c1ccccc1)N1CCCCCC1,0
CC(=O)N1c2ccccc2C(C)CC12CCCCC2,0
COc1ccc(N2C(=O)CSC2c2cccc(F)c2)c(OC)c1,0
O=C(c1ccccc1NC(O)c1cc(O)n(C2CCCC2)c1)N1CCOCC1,0
COc1cc(=O)n(C)c2cc(N(C)C)ccc12,0
COc1cc(Cl)c(C)cc1NC(=O)CSC,0
O=C(CSc1nnc(Cc2cccs2)n1-c1ccccc1)NCc1ccc2c(c1)OCO2,0
Cn1c(Cn2c(=O)sc3ccccc32)nnc1SCC(=O)Nc1ccccc1,0
Oc1nc(-c2cccnc2)nc2ccccc12,0
O=C(NCCc1c[nH]c2ccccc12)c1cccnc1,0
N#CC1C(=N)C(C#N)C(c2ccccc2)C=C1C1CC1,0
CN(C)CCCn1c(O)c(O)c(C(=O)c2ccc3c(c2)OCCO3)c1-c1ccco1,0
CC1(C)SC2C(NC(=O)C(N)c3ccccc3)C(=O)N2C1C(=O)O,0
CCOC(=O)C1CCN(C=C2C(=O)NC(=O)N(c3ccc(OCC)cc3)C2=O)CC1,0
COC(=O)c1ccc(NC(=O)CNC(=O)C2CCCCC2)cc1,0
COc1ccc(-c2cc3ccccc3n2CC(O)CNC(CO)(CO)CO)cc1,0
CCCN(CCC)CCNS(=O)(=O)c1ccc2c(c1)oc(=O)n2C,0
CC1=CC(=C2C(=O)NC(=O)NC2=O)C=C(C(F)(F)F)N1C(C)C,0
CC1(C)C2CC=C(CN3CCOCC3)C1C2,0
CC(C)NS(=O)(=O)c1ccc2c(c1)oc(=O)n2C,0
CCOC(=O)N1CCC(NC(=O)c2sc(-n3cccc3)nc2C)CC1,0
O=C(CSCc1cnn(-c2ccccc2)c1-n1cccc1)NCc1ccc2c(c1)OCO2,0
C[SH](=O)(O)N=Cc1ccc(C(=O)NCc2ccccc2)cc1,0
CCc1c(C#N)c(N)nc(SCC(=O)OCc2ccccc2)c1C#N,0
CCN(CC)S(=O)(=O)c1ccc(Nc2c3ccccc3c(O)n2CCN2CCOCC2)cc1,0
CCCn1c(O)nnc1SCC(=O)NCCc1ccc(Cl)cc1,0
CC1CC(C)CN(c2oc(-c3ccccc3Cl)nc2C#N)C1,0
COc1ccc(-c2noc(N3CCC(C(=O)N4CCN(c5ccccn5)CC4)CC3)n2)cc1,0
CCOCCCNC(=O)CN1CCN(Cc2ccccc2C)C1=O,0
COc1ccc2[nH]c(O)c(NC(C)=O)c2c1,0
Cc1ccc(CSC2=NCCN2C(=O)C2CC2)cc1,0
Cc1ccc(C)n1NC(=O)c1ccc(Cl)cc1Cl,0
O=C(CN1C(=O)COc2ccc(Cl)cc21)N1CCc2ccccc21,0
Cc1nc2scc(-c3cccs3)c2c(=O)o1,0
Cc1ccc(C)c2nc(O)c(CCN=C(O)c3ccc4c(c3)OCO4)cc12,0
N#Cc1nc(-c2ccc(OCc3ccc(Cl)cc3)cc2)oc1NCc1cccnc1,0
CCOc1ccccc1OCC(=O)Nc1nnc(COC)s1,0
COC(=O)c1sc(NC(=O)COc2ccccc2OC)nc1C,0
CC(=O)N1CCc2cc(S(=O)(=O)NCCC(=O)NCCc3ccccc3)ccc21,0
COc1ccc(C2N(c3ccccn3)C(=O)C3CCCN32)c(OC)c1,0
c1cn(C23CC4CC(CC(C4)C2)C3)cn1,0
COc1ccccc1NC(=O)C1C(C)=Nc2nnnn2C1c1cccc(Br)c1,0
CCNc1ccc(S(=O)(=O)C(F)(F)F)cc1NC(=O)C12CCC(CC1)C2,0
O=C(NCc1cccs1)C1CCN(S(=O)(=O)c2ccc3c(c2)OCCO3)CC1,0
CC(C)C(c1nnnn1Cc1ccccc1)N1CCc2ccccc2C1,0
Cc1cccc(-n2ccnc2SCC(=O)Nc2ccc3c(c2)OCCO3)c1,0
CC(=NCC1CCCO1)c1c(O)nc(O)nc1O,0
CCCc1cc(O)nc(SCC(=O)N2CCN(S(=O)(=O)c3ccc(C)cc3)C2)n1,0
CCN1C(=O)C(=C2SC(C)=C(C)N2CC)SC1=S,0
CC1C=Cc2ccccc2N1C(=O)c1ccccc1,0
O=C(NCc1ccc(F)cc1)c1cc(-c2cccs2)on1,0
COc1ccccc1N1CCN(C(=O)N2CCOCC2)CC1,0
O=C(NCCc1cn2ccccc2n1)c1ccc(Br)o1,0
COc1ccc2c(c1)OC1(C)CC2C(C(=O)c2ccccc2OC)C(=O)N1,0
COc1ccc(S(=O)(=O)N2CCN(C(=O)NCc3ccccc3)CC2)cc1,0
Cc1ccc(OCC(=O)N2CCN(C)CC2)c(Br)c1,0
Cc1c(F)cccc1NS(=O)(=O)c1ccccc1C#N,0
CCCc1cc(N=C2C(=O)N(c3ccccc3)N(C)C2C)n2c(nc3ccccc32)c1C#N,0
Cc1cc(NC(=O)CC(CN(C)S(=O)(=O)c2ccccc2)c2ccccc2)no1,0
c1cc2cn[nH]c2cc1NC1CCCCCC1,0
O=C(CSc1nnc(-c2ccc3c(c2)OCCO3)o1)N1CCCC1,0
OC1(c2ccc(F)cc2)CCNC1,0
CCc1nc(O)c(C#N)c2c1CSC(C)(C)C2,0
O=C(c1ccccc1F)N1CCN(CC2CC3C=CC2C3)CC1,0
CC(C)C(NC(=O)C1CCCCC1)C(=O)Nc1ccncc1,0
CCN1CC=C2C(C#N)C(=N)C(C#N)(C#N)C(c3cccc(OC)c3OC)C2C1,0
N#Cc1cc2c(nc1SCC(=O)N1CCCCC1)CCCCC2,0
O=C(Nc1nnc(CCc2ccccc2)s1)C1CCCO1,0
Cc1ccc(NC(=O)Nc2ccc(F)cc2)nc1,0
CN(c1ccc(O)cc1)c1nc(O)c(CC(=O)Nc2ccc(Br)cc2)s1,0
O=C(CCCC(=O)N(CC(=O)NC1CCCCC1)Cc1ccco1)Nc1ccccn1,0
O=c1c2c3c(sc2nc2n1CCCCC2)CCCC3,0
CCOC(=O)CC(NC(=O)c1ccco1)c1ccccc1Cl,0
O=C(c1cccnc1)N1CCN(C(=O)c2cccs2)CC1,0
Cc1ccc(C)c(N(CC(=O)NCc2ccc3c(c2)OCO3)C(=O)CCC(=O)Nc2ccccn2)c1,0
CC(C)CCOc1ccc(Cl)cc1CN1CCOCC1,0
CC(C)CCOc1cccc(OCC(=O)N(C)C2C=S(O)(O)=CC2)c1,0
COc1ccc(OC)c(NC2=NC3(CCCC3)N=C(N)N2)c1,0
O=C(CCCn1c(=O)c2sccc2n(CC(=O)NCc2ccco2)c1=O)NCc1ccco1,0
Cc1ccc(N(CC(=O)NCc2ccco2)C(=O)CCC(=O)Nc2ccccn2)cc1C,0
CC1C(=NC(=O)COc2ncnc3ccccc23)C(=O)N(c2ccccc2)N1C,0
COc1ccc(OC)c(C(c2nnnn2CCc2ccccc2)N2CCN(c3ccccc3)CC2)c1,0
CC(=O)Oc1ccc(-n2c(O)c3c(c2O)C2(C)C=CC3(C)O2)cc1,0
COc1ccc2cn(-c3ncn[nH]3)c(O)c2c1OC,0
CCn1c(SCC=Cc2ccccc2)nnc1-c1cccs1,0
COc1ccc(OC)c(-c2c(C(=O)c3cc4ccccc4o3)c(O)c(O)n2-c2cc(C)on2)c1,0
O=C(CCSCCc1ccncc1)NCCCN1CCOCC1,0
Cn1ccnc1P(=S)(c1nccn1C)N1CCOCC1,0
O=C(Cn1cnc2scc(-c3ccccc3)c2c1=O)N1CCOCC1,0
Cn1c(=O)[nH]c(=O)c2c1nc(NCCCn1ccnc1)n2Cc1cccc(Br)c1,0
Cc1ccc2c(c1)C1(C(=O)N2C)N2CC3(C)CN1CC(C)(C2)C3=O,0
CCN(CC)c1ccc(C(=O)n2cnc3ccccc32)cc1,0
C=CCn1c(SCC(=O)Nc2nc(C)cs2)nnc1C(CO)NC(=O)c1ccccc1,0
COC(=O)c1ccccc1NC(=O)C(C)Oc1ccccc1,0
Cc1cc(NC(=O)CSCCc2ccncc2)no1,0
O=C(Cc1c(O)nc2ccccc2c1O)OC1CCCCC1,0
O=C1CCCC2=Nc3ncnn3C(c3cccs3)C12,0
Nc1cc(N)nc(SCC(=O)NCC2CCCO2)n1,0
CCCC(=N)C1C(=O)CC(CC(C)SCC)CC1=O,0
CN1CCN(S(=O)(=O)c2ccc(NC(=O)c3csc4ccccc34)cc2)CC1,0
Cc1ccc(OCC(O)CN2CCN(CC(O)COC(C)C)CC2)c(C(C)(C)C)c1,0
Cc1ccnc(N2CCC(C(=O)Nc3nnc(C)s3)CC2)n1,0
Cc1cc(NC(=O)CNC(=O)C2CCCCC2)no1,0
COCCCNC(=O)CCSc1ccc(Cl)cc1,0
O=C(Cn1ncc2c1-c1ccccc1OC2)N1CCN(Cc2ccc3c(c2)OCO3)CC1,0
COc1ccccc1Cn1cc(C(O)N2CCN(c3ccc(F)cc3)CC2)cc1O,0
CCN(CC)C(=O)CSc1nc2ccccc2c(=O)n1CCC(=O)NCc1ccc(F)cc1,0
Cc1cc(NC(=O)CSc2nnc(-c3ccco3)n2CC2CCCO2)no1,0
Cc1noc(C)c1S(=O)(=O)Nc1ccc(C(=O)NCCc2ccccc2)cc1,0
CCCCCSc1nc(N2CCOCC2)c2c(c1C#N)CC(C)(C)OC2,0
CC(C)C(=O)N(c1ccc2oc(=O)sc2c1)S(=O)(=O)c1cccs1,0
CC(=O)N(Cc1cc(O)nc2ccccc12)c1ccc(C)cc1,0
CCOCCCNC(=O)c1ccccc1SC,0
CCC(=O)Nc1cccc(-n2nnnc2SCC(=O)NCc2ccco2)c1,0
COc1ccc(-n2c(O)cc(N3CCN(c4ccccc4F)CC3)c2O)cc1,0
c1cncc(Oc2cccc(Oc3cccnc3)c2)c1,0
OC(c1cccnc1)c1cccs1,0
O=C(Nc1cccnc1)c1cn(-c2ccccc2)nc1-c1cccs1,0
C=C1C(=S(O)(O)=Nc2cc(Cl)ccc2Cl)C(=O)N(C)C(=O)N1C,0
O=C(Cn1ccc2ccccc2c1=O)NCCC(=O)N1CCN(C(=O)c2ccco2)CC1,0
COc1ccc2c(Cl)c(-c3nnc(SCC(N)=O)n3C)sc2c1,0
CC(=O)Nc1ccc(S(=O)(=O)N(C)S(=O)(=O)c2ccc(F)cc2)cc1,0
O=C(Nc1nnc(-c2ccncc2)s1)C1CCCO1,0
COc1ccc(-n2c(Cc3cccs3)nnc2SCC(=O)Nc2ccc3c(c2)OCCO3)cc1,0
Clc1ccc(OCCN2CCN(c3ncnc4sccc34)CC2)cc1,0
CSCCC(NC(N)=O)C(=O)NCC1CCCCC1,0
O=C(CN1CC(c2ccccc2)CC1=O)Nc1cccc(F)c1,0
O=C(Nc1ccon1)c1ccc(S(=O)(=O)N2CCCCCC2)cc1,0
CCOC(=O)c1oc2c(O)c(O)ccc2c(=O)c1-c1nncn1-c1ccccc1,0
Cc1cc(C(=O)NCc2ccccc2F)cs1,0
Cc1oc2c(CN3CCCC3)c(O)ccc2c(=O)c1Oc1ccccc1Br,0
Cc1cc(C(=O)Nc2cccnc2)on1,0
COC(=O)C1C2c3ccccc3OC1(C)N=c1sc(=Cc3cnn(C)c3C)c(=O)n12,0
C=CCn1c(CSc2nc3ccccc3s2)nnc1SCC(=O)NCCN1CCOCC1,0
Cc1nnc(Sc2nc3c(c(=O)n(C)c(=O)n3C)n2Cc2ccccc2Cl)s1,0
CCOC(=O)C(Cc1ccccc1)C(=O)Nc1nccs1,0
CCc1ccccc1-n1cc(C(O)O)cc1O,0
COCC(=O)Nc1cc(OC)c(Cl)cc1OC,0
O=C(Cn1cnc2c(nnn2Cc2ccc(Cl)cc2)c1=O)N1CCCc2ccccc21,0
Cc1noc(C)c1COC(=O)CCCc1nc2ccccc2s1,0
C=C(C)COc1ccc(-c2[nH]ncc2Oc2ccccc2OC)c(O)c1,0
CC(C)C(=O)N1CCN(c2nc(-c3ccccc3)c3c(c2C#N)CC(C)(C)OC3)CC1,0
CN(CCC#N)C(=O)COC(=O)c1ccc(Cl)c(S(N)(=O)=O)c1,0
CCOC(=O)CC1OC(=N)C(C#N)C(c2ccncc2)=C1C(=O)OCC,0
CSc1sc(C)cc1C1C(C#N)C(=N)N(c2cccnc2)C2=CC(C)(C)CC(=O)C21,0
COC(=O)C1=C(C)N=C(C)C(C(=O)OC)C1c1ccc(OC(=O)c2ccco2)cc1,0
CCOC(=O)CN1C(=O)C2(C(C(=O)OC)=C1C)c1ccccc1OC(=N)C2C#N,0
COc1cccc(-n2c(Cc3cc(O)nc(O)n3)nnc2SCC(=O)N2CCCCCC2)c1,0
CCOc1ccc(C2c3c(cc(C)n(CCN(C)C)c3=O)OC(=N)C2C#N)cc1OCC,0
CC1CCN(S(=O)(=O)c2cccc(C(N)=O)c2)CC1,0
CC(C)c1nnc(NC(=O)CCC(=O)NCc2ccc3c(c2)OCO3)s1,0
COC(=O)C1=C(C)N=C(C)C(C(=O)OC)C1c1cc2ccc(C)cc2nc1O,0
COc1ccc(N2C(=O)C3Cc4ccccc4CN3C2=O)cc1,0
O=C(COC(=O)CCC(=O)c1ccc2c(c1)OCCO2)NCc1ccc2c(c1)OCO2,0
COC(=O)c1ccc(-n2c(O)cc(Sc3nnc(C)[nH]3)c2O)cc1,0
CC1=CC(C)(C)Nc2ccc(OC(=O)c3ccco3)cc21,0
Cc1cc(C)c2c(c1)C(=CN1CCOCC1)CC(=O)O2,0
CCCn1c(SCC(=O)Nc2nnc(CC)s2)nc2c1c(=O)n(C)c(=O)n2C,0
CNC(=O)C1CC(=O)N(Cc2ccc3c(c2)OCO3)C(=Nc2ccc(OC)cc2)S1,0
CCOC(=O)c1ccc(NC(=O)Cc2sc3ncnn3c2O)cc1,0
CCCN(CCC)C(=O)c1ccc2c(c1)N(Cc1ccccc1)C(=O)C=S2O,0
CCOc1nc(-c2ccc(C)cc2)ccc1-c1noc(COC)n1,0
Cn1c(=NC(=O)c2cnccn2)sc2ccccc21,0
CC1CCc2nn(CC(=O)NCCCN3CCCCC3)cc2C1,0
c1nc(N2CCCCC2)c2[nH]cnc2n1,0
Cc1nn(C)cc1CNC(=O)CCC(=O)O,0
O=C1Oc2ccccc2C(=O)C1C=NCc1ccccn1,0
O=C(NC1CCCCC1)N1CCSC1=Nc1ccccc1,0
COC=C1C=C(C)N(CC(=O)NC(C)c2ccccc2)C(=O)C1C#N,0
Cc1nnc2sc(-c3csc4c3CCCC4)nn12,0
Cc1nnc(NC(=O)CN2C(=O)c3ccccc3S2(=O)=O)s1,0
COc1ccc(-c2ccc(CCC(=O)O)n2NC(=O)c2cccs2)cc1,0
COc1cc2c(=O)n(Cc3ccco3)c(=O)n(CC(=O)c3cccc(Br)c3)c2cc1OC,0
Cc1ccc(-n2c(SCc3cn4ccsc4n3)nc3ccccc3c2=O)cc1,0
Cc1onc(-c2ccccc2)c1C(=O)Nc1nnc(-c2ccncc2)s1,0
O=S(=O)(O)c1nc2ccccc2n1Cc1ccc(Cl)cc1Cl,0
O=C(CNS(=O)(=O)c1ccccc1)N1CCN(c2ccccc2)CC1,0
CC(=O)Nc1cnn(Cc2ccc(Br)cc2)c1,0
CC12CN3CC(C)(CN(C1)C3c1ccc3ccccc3c1O)C2=O,0
CCOC(=O)CSc1nnc(CNC(=O)Cc2ccccc2)n1-c1ccccc1OC,0
CN1CCN(C(=O)CSc2nc(-c3cccs3)cc(-c3cccs3)c2C#N)CC1,0
COc1ccc(N2C(=O)C3CCCN3C2c2cccc(C)c2)cc1Cl,0
CCN1C(=O)c2cccc3c(S(=O)(=O)NC(Cc4c[nH]c5ccccc45)C(=O)O)ccc1c23,0
Cc1noc(C)c1COC(=O)CCOc1ccccc1,0
COc1cccc2c(=O)n(CC(=O)N3CCCCCC3)ccc12,0
CCC1Oc2ccccc2N(CC(=O)NCCCN2CCCCC2CC)C1=O,0
O=c1c2c(-c3ccccc3)csc2nc2n1CCC2,0
O=C(c1ccco1)N(Cn1c(O)ccc1O)c1ccc(Cl)c(Cl)c1,0
COc1cc(NC(=O)c2onc(C)c2Cl)c(OC)cc1Cl,0
Cc1ccccc1NC(=O)Cn1c(C)nc2ccc(NC(=O)C3CC3)cc2c1=O,0
CS(=O)(=O)c1c(O)c(O)n(-c2ccccc2)c1-c1ccccc1,0
COc1ccc2c(c1)C(C)CC(C)(C)N2C(=O)CSc1ncn[nH]1,0
CCOC(=O)c1c(C)oc2c1c(C(c1ccncc1)N1CCOCC1)c(O)c1ccccc12,0
CCCCn1c(C)c(C(=O)O)c2cc(OC)ccc21,0
Cc1noc(C)c1S(=O)(=O)N1CCCC(C(=O)Nc2nccs2)C1,0
CN1CCN(CC(=O)Nc2sc3c(c2C#N)CCC(C(C)(C)C)C3)CC1,0
CC1(C)CC(=O)c2c(noc2-c2ccccc2)C1,0
O=C(c1ccco1)N1CCN(C(c2ccccn2)c2nnnn2C2CCCC2)CC1,0
O=C(CSc1nc(O)cc(-c2ccccc2)n1)N1CCc2ccccc21,0
Cc1ccc(-c2cc3c(nn2)-c2ccccc2C3=O)cc1,0
COc1ccccc1N(C(=O)c1snc(C(N)=O)c1N)C(C(=O)NCCC(C)C)c1ccco1,0
CN(CCc1ccccn1)C(=O)CN(C)S(=O)(=O)c1ccc2c(c1)c(=O)n(C)c(=O)n2C,0
CC(=NCCCN(C)C)C(C#N)C(N)=O,0
COC(=O)c1ccc(-n2nnnc2SCC(=O)Nc2ccccc2OC)cc1,0
CCc1ccc2nc(O)c(CN(CCN3CCCC3)C(=O)NC3CCCCC3)cc2c1,0
COc1cccc(NC(=O)c2cn(C)c(=O)c3cc(OC)c(OC)cc23)c1,0
CC(=O)Nc1ccc(S(=O)(=O)N2CCSC2c2ccc(C)cc2)cc1,0
COC(=O)CSc1nnc(C(CC(C)C)NC(=O)OC(C)(C)C)o1,0
FC(F)(F)c1nnc2ccc(NCn3nnc4ccccc43)nn12,0
CCOC(=O)c1cn(-c2ccccc2)nc1-c1cccnc1,0
CCOc1ccc(-n2nnnc2SCC(=O)c2ccccc2)cc1,0
Cc1n[nH]c(C)c1S(=O)(=O)N(CC(=O)Nc1ccc2c(c1)OCCO2)c1ccc(C(C)C)cc1,0
CCCC(=O)N(C1=CC=S(O)(O)=C1)c1ccc(F)cc1,0
O=C1CC(c2ccc(Cl)cc2)n2nc(N3C(=O)c4ccccc4C3=O)nc2N1,0
O=C(NCCCn1ccnc1)c1noc2c1CCCC2,0
O=C(C1CCN(S(=O)(=O)c2cccc3cccnc23)CC1)N1CCN(c2ccc(Cl)cc2)CC1,0
CCC(C)(C)n1nnnc1C(C(C)C)N1CCC(C(N)=O)CC1,0
CC(C)N(Cc1ccccc1)C(=O)c1cnc2n(c1=O)CCS2,0
c1ccc(-c2nn3c(Cn4cnc5ccccc54)nnc3s2)cc1,0
O=C1C(=O)C(c2ccc(O)cc2O)Oc2cc(O)cc(O)c21,0
COc1cc(OC)cc(-c2nnc(SCc3cccnc3)o2)c1,0
O=C(c1ccco1)N1CCN(Cc2ccccc2C(F)(F)F)CC1,0
COc1ccc(CC(=O)Nc2ccc(N3CCN(c4ccc(OC)cc4)CC3)c(C#N)c2)cc1,0
CC1OC(Nc2ccc(OC(F)(F)F)cc2)C(O)C(O)C1O,0
CCCCn1c(C(C)NC(=O)CCC)nc2ccccc21,0
CCOCCn1c(CN2CCN(c3ccc(OC)cc3)CC2)nc2c1c(=O)n(C)c(=O)n2C,0
Oc1ccc(O)n1CCCCCc1nc(-c2ccccc2)no1,0
CCCn1c(SCC(=O)Nc2c(C)cccc2C)nnc1C(C)C,0
O=C(CNC(=O)c1ccc(Cl)cc1Cl)NCC(=O)Nc1ccccc1N1CCOCC1,0
COc1cc2nc(CN(C)CC(=O)Nc3ccc(N4CCOCC4)cc3)nc(O)c2cc1OC,0
CC1CCCCN1C(=O)c1cnn2c(C(F)(F)F)cc(-c3ccco3)nc12,0
CCOc1ccccc1Nc1nc(N)nc(CN(C)C2CCCCC2)n1,0
O=C(O)c1ccc(CN(c2ccccn2)S(=O)(=O)c2ccccc2)cc1,0
O=C(CN(c1cccc(C(F)(F)F)c1)S(=O)(=O)c1ccccc1)N1CCOCC1,0
CC(C)C(=O)NC(c1ccco1)c1ccc2cccnc2c1O,0
CC1(C)CC(=O)C2C(=Nc3ccccc3NC2c2nc3ccccc3[nH]2)C1,0
O=C(Oc1cccnc1)c1cccc(Cl)c1,0
Cc1noc(C)c1C(=O)Nc1ccon1,0
CCC=C1OC(=N)C(C#N)C2(C(=O)Nc3ccc(C)cc32)C1C(=O)OCC,0
O=C(COc1cccc2cccnc12)N1CCc2ccccc2C1,0
CC(=O)C1(O)CCC2C3CC(C)=C4CC(=O)C=CC4(C)C3(F)C(O)CC21C,0
COc1cccc(N2C(=O)C(CC(=O)Nc3ccc(F)cc3)N(C3CCCCC3)C2=O)c1,0
CC1CCC(NC(=O)c2ccc(C=S(O)(O)=Cc3ccccc3F)o2)CC1,0
CCOC(=O)c1cccnc1SC=C1CC(=O)N2C=CC=CC2=N1,0
COc1ccccc1NC(=O)CSC1=NNC(=Cc2cc(O)nc(O)n2)N1c1ccccc1,0
O=C(Cn1c(C2CC2)nc2ccccc2c1=O)Nc1ccc(Br)cc1,0
COC(=O)C1C(=N)Oc2cc(C)n(Cc3cccnc3)c(=O)c2C1c1cccc(OC)c1OC,0
O=C(NCC12CC3CC(CC(C3)C1)C2)c1nc2ncccn2n1,0
O=C(CC1CCS(=O)(=O)C1)Nc1cccnc1O,0
Cc1c2cnn(-c3ccccc3)c(=O)c2c(C)n1CCCC(=O)N1CCN(c2ncccn2)CC1,0
O=C(NC1CCCC1)c1c2ccccc2c(O)n1CCCN1CCOCC1,0
COc1ccc(N2C(=O)c3cccc4cccc(c34)C2=O)nn1,0
Cc1ccc(-c2nnc(-c3ccc(NC(=O)c4ccco4)cc3)o2)cc1,0
O=S(=O)(c1ccc(Nc2c3ncccc3c(O)n2Cc2ccccc2)cc1)N1CCCCCC1,0
O=C(CN1CCCCC1)Nc1ccc(S(=O)(=O)NC2CCCCC2)cc1,0
O=C(Cn1nnc(-c2ccc(N3CCOCC3)cc2)n1)N1c2ccccc2CCc2ccccc21,0
CC(C)(C)c1nc2scc(-c3cccs3)c2c(=O)o1,0
CCOC(=O)CCCNS(=O)(=O)c1c(C)ccc2nsnc12,0
Cc1ccc(C(=O)N2CCCC(c3nc(O)c4nnn(Cc5ccccc5)c4n3)C2)cc1,0
CCC(=O)N1CCc2cc(S(=O)(=O)NCCC(=O)NC3CCCc4ccccc43)ccc21,0
CSC1=NC(=O)CC(c2ccc(C(C)C)cc2)C1C#N,0
COC(=O)c1c(C(C)=O)cnc2ccc(Br)cc12,0
COc1cccc(NC(=O)CN2CCN(c3ccc(F)cc3)CC2)c1,0
COc1c(S(=O)(=O)N2CCCC2)ccc(Cl)c1Cl,0
Cc1nc(=O)c(-c2ccccc2)c(C)n1-c1ccc(C(=O)O)cc1,0
c1csc(-c2csc3ncnc(NCCCN4CCOCC4)c23)c1,0
COc1ccc(NC(=O)c2oc3cc(C)c(C)cc3c2C)c(OC)c1,0
Cn1c(=O)c2nc(Cl)n(Cc3ccc(Cl)cc3Cl)c2n(C)c1=O,0
O=C(COC(=O)C1CCCCC1C(=O)N1CCc2ccccc21)NCc1ccco1,0
Cc1cc(C)nc(NS(=O)(=O)c2ccc(NC(=O)C3CC(=O)N(c4ccccc4)C3)cc2)n1,0
COC(=O)c1cc2sc(Cl)cc2n1CC(=O)Nc1ccc(OC)c(OC)c1OC,0
CCOC(=O)c1cc(=O)n2nc(-c3ccc(C)cc3)nc2s1,0
O=C(Cn1cc(C(=O)c2ccccc2F)c2ccccc21)NCc1ccco1,0
CCCC(=O)Nc1nnc(-c2cccc(OCC)c2)s1,0
COc1ccc2nc(NC(=O)CCc3nc(C4C=CN(C)CC4)no3)sc2c1,0
NS(=O)(=O)c1ccc(NC(=O)CCC2CCCCC2)cc1,0
COCC(=O)Nc1nnc(CCc2ccccc2)s1,0
COc1ccc(OC)c(Nc2nc(N)nc(-c3cc4ccccc4o3)n2)c1,0
O=C(O)c1ccc(-c2ccccc2)[nH]1,0
CCn1c(CNC(=O)c2cccc(C)c2)nc2ccccc21,0
COC(=O)COc1ccc(S(=O)(=O)Nc2ccc(C(N)=O)cc2)cc1,0
O=C(Nc1ccc(N2CCOCC2)c(Cl)c1)C1CCCCC1,0
Cc1ccc2c(CC(=O)O)coc2c1,0
COc1ccccc1N1CCN(C(=O)c2cc(-c3ccc4c(c3)OCO4)on2)CC1,0
CCOc1ccc(-c2nc(C#N)c(N3CCN(CC)CC3)o2)cc1,0
CS(=O)(=O)N(Cc1ccccc1)c1ccc(C(=O)N2CCOCC2)cc1,0
CCOc1ccccc1-n1c(SCC(N)=O)nnc1-c1ccco1,0
C=CCOn1c(=O)c(=O)n(OCc2ccccc2)c2ccccc21,0
COc1ccc(CCNC(O)c2cc(O)n(-c3ccccc3)c2)cc1OC,0
Cc1cc(NS(=O)(=O)c2ccc(Cl)cc2)nn1CC(=O)NCc1ccco1,0
CCOc1cc2[nH]c(=O)n(CCC(=O)NCCc3ccccc3)c(=O)c2cc1OCC,0
COc1cc(NS(=O)(=O)c2ccc(OC)c(C)c2C)c(OC)cc1Cl,0
C=CCN1C(=CC(=O)OC)CSC1=Nc1ccc(C(C)=O)cc1,0
O=C(CN1CCC(Cc2ccccc2)CC1)NC(=O)NCc1ccco1,0
O=C(O)C1CCN(S(=O)(=O)c2ccc(Oc3ccccc3)cc2)CC1,0
Cn1c(=O)c2nc(CN(Cc3ccccc3)Cc3ccccc3)[nH]c2n(C)c1=O,0
Cc1cc(-n2c(C)cc(C(=O)CSc3nnnn3-c3ccccc3)c2C)no1,0
COc1cccc(CNC(=O)c2ccccc2N)c1,0
COc1ccc(CCN(Cc2cc3cc(C)ccc3nc2O)C(=O)N2CCCC2)cc1OC,0
Nc1nc(N)c2sc3nc4c(cc3c2n1)CCC4,0
CCOC(=O)N1CCN(C2=CC(=O)OC23CCCCC3)CC1,0
Cc1cc(NC=C2C(=O)N(c3ccc4c(c3)OCO4)C(=O)c3ccccc32)ccn1,0
OC(COc1ccc2ccccc2c1)CN1CCCC1,0
COc1cc(-c2cc(C(O)N3CCOCC3)on2)cc(OC)c1OC,0
N#CC1C(=N)N=C(SCC(=O)O)C(C#N)C12CCCC2,0
S=C1N=C(c2ccccc2)N(CCCn2ccnc2)C2=CCCCC12,0
CC(C)Cn1c(N)c(S(=O)(=O)c2cccs2)c2nc3ccccc3nc21,0
COCCn1c(SCC(=O)Nc2cccc(OC)c2)nnc1-c1ccccc1,0
Cc1ccc(C(=O)NC2CCN(C(=O)N3CCOCC3)CC2)cc1,0
CC1CN(O)C2CCc3nonc3C12O,0
CCC12CC3CC(C1)CC(C(=O)O)(C3)C2,0
CCOc1ccc(NC(=O)CN2CCN(CC(=O)c3ccc(OC)c(OC)c3)CC2)cc1,0
Cc1nc2cc(C(=O)O)ccc2n1-c1ccccc1,0
CC1CCN(C(=O)COC(=O)c2cc3ccccc3cc2O)CC1,0
O=C(NCCCN1CCOCC1)c1cc(-c2ccc(Br)cc2)on1,0
COc1cccc(-n2nnnc2SCC(=O)c2ccc(NC(C)=O)cc2)c1,0
Cc1nc2ccccc2n1C1CCN(Cc2nnnn2CCc2ccccc2)CC1,0
O=C(O)c1cc2cc(OCc3ccccc3)ccc2[nH]1,0
CCn1cnc2cc(NCc3nc4ccccc4n3C)ccc21,0
O=C(OCn1nnc2ccccc2c1=O)c1cc2ccccc2o1,0
O=c1c(=Cc2ccc3c(c2)OCO3)sc2n1CCCN=2,0
CCCOc1ccc(Cc2nn[nH]n2)cc1,0
Cc1ccc(-n2nc3c(c2NC(=O)c2ccc4c(c2)OCO4)CS(O)=C3)cc1,0
CSc1nsc(NC(=O)Cc2ccccc2)n1,0
CCOc1ccc(C(=O)CN2CCN(S(=O)(=O)c3ccc(Br)cc3)CC2)cc1,0
CCCCN=C1CC(C)(C)CC(=O)C1Br,0
CC(=O)ON1C(C)(C)CC(OC(=O)c2ccccc2)CC1(C)C,0
COc1ccc(N=C2SC(C(=O)Nc3ccc4c(c3)OCO4)CC(=O)N2C)cc1,0
CCOC(=O)N1CCN(c2ncnc3c2cnn3-c2ccc(Cl)cc2)CC1,0
Cc1cc2coc(O)c2c(SCC(=O)N(C)c2ccccc2)n1,0
CC(C(=O)NCC1(c2ccccc2)CCCC1)N1CCOCC1,0
COCCN(CC(=O)NC1CCCCC1)C(=O)CSc1nc2ccccc2o1,0
CC(C)(C)OC(=O)N1CCCC1c1nnc(SCc2c(F)cccc2Cl)o1,0
CCOc1ccccc1C1CC(c2ccc(Br)cc2)Nc2nc(N)nn21,0
CCN(C(=O)COc1ncnc2ccc(Br)cc12)C1C=S(O)(O)=CC1,0
CC1CCCCN1C(=O)c1cc(F)c(F)cc1Cl,0
CC1(C)C=C2C(CO1)C(=S)N=C(c1ccccc1)N2CCN1CCOCC1,0
COc1cc(C2c3ccc(N(C)C)cc3OC(=N)C2C#N)cc2c1OCO2,0
CC12CCC(C(=O)NCC3CCCO3)(OC1=O)C2(C)C,0
Cc1nc2sccn2c1-c1nc(-c2cc3ccccc3o2)cs1,0
O=C1c2ccccc2C(=O)C1c1ccc2ccccc2n1,0
COc1ccc(OC(C)C(=O)N2CCOCC2)cc1,0
CCCC(=O)Nc1nnc(CC(=O)OCC)s1,0
CCOC(=O)N1CCN(C(=O)c2ccc3c(=O)n4c(nc3c2)CCCCC4)CC1,0
CC(NC(=O)NC1CCCCC1)C(c1cccs1)N1CCOCC1,0
Cc1cc(C)n(-c2nc3c(c(=O)[nH]c(=O)n3C)n2Cc2ccccc2)n1,0
CCCn1c(S)nnc1-c1ccc(F)cc1,0
CC(C)Cc1nnc(NC(=O)CCC(=O)N2CCOCC2)s1,0
CC1C=C2N=C(SCC(=O)NCC3CCCO3)N(Cc3ccccc3)C(=O)C2S1,0
CCOC(=O)COn1c(=O)c(-c2cccs2)[n+]([O-])c2ccccc21,0
Cc1ccc2nc(O)c(CN(Cc3nnnn3C3CCCC3)C3CCCCC3)cc2c1,0
CC(=O)Nn1c(-c2ccccc2)cc2ccccc21,0
O=C(c1cccc(C(=O)N2CCN(c3ccccc3)CC2)c1)N1CCN(c2ccccc2)CC1,0
O=C1CCCN1CCCNc1ncnc2c1[nH]c1ccc(Cl)cc12,0
O=C(Nc1nccs1)c1cccc(S(=O)(=O)N2CCCCC2)c1,0
Cc1ccc(SCc2cc(O)n3ncnc3n2)cc1,0
CC(=O)C1CCC2C3CCC4CC(O)CCC4(C)C3C(=O)CC12C,0
CCOc1cc(C(=O)N2CCCC2)cc(OCC)c1OCC,0
Clc1cc(Cl)c2nc(N3CCCCC3)sc2c1,0
COc1ccc(OCC(=O)NC2CC(C)(C)NC(C)(C)C2)cc1,0
CCOC(=O)c1c(NC(=O)Cn2nnc3ccccc32)sc2c1CCC(C)C2,0
Cc1ccc(Cn2nc(C)c(NC(=O)c3cc(-c4ccc5c(c4)OCO5)on3)c2C)cc1,0
COc1ccc(Cl)cc1NC(=O)CN(C(=O)c1ccco1)C1CCCCC1,0
COCc1cc(O)n2c(-c3ccc(C)cc3)nnc2n1,0
COc1ccc(-c2nnc3sc(-c4c(OC)cccc4OC)nn23)cc1,0
CCOCCCNC(=O)CN1CCN(c2ccc(F)cc2)CC1,0
O=C(Cc1ccc(S(=O)(=O)N2CCOCC2)s1)Nc1ccc2c(c1)CCC2,0
CCOC(=O)N1CCN(S(=O)(=O)c2ccc(OCC(=O)OC)cc2)CC1,0
COCC(=O)Nc1ccc(S(=O)(=O)NCCc2ccccc2)cc1,0
Cn1c(=O)c2c(nc(N3CCCCC3)n2CCCN=C2CCCCN2)n(C)c1=O,0
CCn1c2ccccc2c2nnc(SCc3ccccc3)nc21,0
Cc1ccc2cc3c(N)c(C(=O)N4CCOCC4)sc3nc2c1,0
CCOC(=O)c1nc(N)c(C(=O)OCC)[nH]1,0
CSc1nc(C)c(Cl)c(C)c1C#N,0
